poemname,end,internal,eye,full,rich,identical,slant
poem.10.txt,0.08505,0.02000,0.00000,3.48333,0.00000,0.00000,12.80238
poem.11053.txt,0.01707,0.01442,0.00000,8.37619,0.00000,0.00017,29.12857
poem.11099.txt,0.19335,0.00000,0.00000,6.69667,0.00000,0.00000,9.20000
poem.11288.txt,0.00564,0.00000,0.00000,0.00000,0.00000,0.00000,1.02727
poem.11351.txt,0.12624,0.00000,0.00000,4.66667,0.00000,0.00000,0.87778
poem.11427.txt,0.00927,0.00000,0.00000,1.34667,0.00000,0.00272,0.60000
poem.11522.txt,0.04714,0.00000,0.00000,6.27500,0.90000,0.00000,2.72500
poem.11523.txt,0.05550,0.02727,0.00000,3.12333,0.00000,0.00000,3.92667
poem.11752.txt,0.01400,0.00000,0.00000,47.09437,0.00000,0.00181,53.14722
poem.11804.txt,0.04764,0.00000,0.00000,3.15000,0.00000,0.00000,8.75556
poem.11856.txt,0.06805,0.00000,0.00000,6.15190,0.00000,0.00000,10.98190
poem.11897.txt,0.02481,0.00000,0.00000,1.10000,0.00000,0.00000,3.68786
poem.11925.txt,0.01050,0.02750,0.00000,1.46667,0.80000,0.00000,14.39535
poem.11973.txt,0.00565,0.00000,0.00000,0.00000,0.00000,0.00000,1.35556
poem.12.txt,0.04156,0.00000,0.00000,1.64000,0.00000,0.00000,0.00000
poem.12249.txt,0.02249,0.00000,0.00000,0.24444,0.00000,0.00000,0.70000
poem.12269.txt,0.03753,0.00964,0.00000,3.06333,0.00000,0.00076,56.64030
poem.12421.txt,0.00811,0.00682,0.00000,0.73333,0.00000,0.00000,2.82373
poem.12960.txt,0.00731,0.00000,0.00000,0.00000,0.00000,0.00000,0.52615
poem.12961.txt,0.04122,0.03667,0.00000,0.55000,0.00000,0.00000,4.67381
poem.12962.txt,0.03888,0.02000,0.00000,0.00000,0.00000,0.01705,3.39667
poem.13.txt,0.15119,0.00000,0.00000,4.40000,0.00000,0.00000,0.00000
poem.13059.txt,0.04357,0.00379,0.00000,0.75000,0.00000,0.00027,17.96040
poem.13154.txt,0.02057,0.00000,0.00000,0.60000,0.00000,0.00068,16.38722
poem.13364.txt,0.13173,0.00000,0.00000,3.08333,0.00000,0.00000,2.05000
poem.13390.txt,0.02267,0.08242,0.00000,0.57778,0.00000,0.00000,3.78471
poem.13504.txt,0.00873,0.00000,0.00000,0.00000,0.00000,0.00000,0.62857
poem.13623.txt,0.01861,0.00000,0.00000,0.76429,0.00000,0.00000,5.83515
poem.13815.txt,0.03318,0.00000,0.00000,3.65667,0.00000,0.00000,0.72000
poem.14051.txt,0.08069,0.04000,0.00000,0.00000,0.00000,0.04193,22.64786
poem.14123.txt,0.01377,0.00000,0.00000,2.46500,0.00000,0.00331,1.28000
poem.14352.txt,0.01389,0.00938,0.00000,3.73095,0.00000,0.00000,3.52333
poem.14355.txt,0.02305,0.01000,0.00000,1.98333,0.00000,0.00000,2.89857
poem.14377.txt,0.07546,0.03429,0.00000,13.01000,0.00000,0.00488,18.50238
poem.14555.txt,0.01206,0.00415,0.00000,4.98333,0.90000,0.00023,34.69889
poem.14631.txt,0.02076,0.02787,0.00000,3.25000,0.00000,0.00804,56.99459
poem.146585.txt,0.03354,0.00000,0.00000,1.70000,0.00000,0.00050,12.77333
poem.146671.txt,0.11334,0.00000,0.00000,15.23333,0.00000,0.00000,40.98357
poem.146674.txt,0.04460,0.00000,0.00000,0.30000,0.00000,0.00000,1.67222
poem.146677.txt,0.02762,0.02400,0.00000,0.00000,0.00000,0.00000,3.62667
poem.146682.txt,0.01190,0.00554,0.00000,15.70817,0.00000,0.00070,245.12690
poem.146683.txt,0.03457,0.02083,0.00000,0.42500,0.86667,0.00013,28.01421
poem.146688.txt,0.02065,0.01190,0.00000,0.00000,0.00000,0.00000,7.54143
poem.146690.txt,0.01009,0.02323,0.00000,0.73333,0.00000,0.00000,8.76606
poem.146711.txt,0.09523,0.01556,0.00000,6.98333,0.00000,0.00185,13.39333
poem.146723.txt,0.00886,0.00000,0.00000,0.00000,0.00000,0.00085,4.48143
poem.146729.txt,0.00248,0.00000,0.00000,0.00000,0.00000,0.00000,0.52000
poem.146739.txt,0.01753,0.00000,0.00000,0.00000,0.00000,0.01157,0.71190
poem.146762.txt,0.01244,0.03484,0.00000,3.15000,0.00000,0.00000,5.22040
poem.146777.txt,0.02041,0.00000,0.00000,0.00000,0.00000,0.00190,3.77333
poem.146786.txt,0.03200,0.00000,0.00000,1.21000,0.00000,0.00000,4.59944
poem.146792.txt,0.02551,0.00000,0.00000,0.00000,0.00000,0.02574,4.84286
poem.146796.txt,0.01544,0.03263,0.00000,1.40000,0.00000,0.00025,7.50167
poem.146799.txt,0.01862,0.02434,0.00000,0.98333,0.00000,0.00050,31.95992
poem.146821.txt,0.00758,0.00000,0.00000,0.60000,0.00000,0.00027,4.72286
poem.146834.txt,0.05048,0.00000,0.00000,1.76667,0.00000,0.00000,1.38667
poem.146835.txt,0.02750,0.00000,0.00000,1.17333,0.00000,0.05580,0.36667
poem.146861.txt,0.02340,0.07143,0.00000,1.10000,0.00000,0.00000,2.55000
poem.14790.txt,0.03036,0.03057,0.00000,0.75000,0.00000,0.00000,6.72571
poem.14958.txt,0.06692,0.01333,0.00000,8.04000,0.00000,0.00000,14.00667
poem.15.txt,0.15234,0.00000,0.00000,6.72333,0.00000,0.00212,3.12667
poem.15266.txt,0.15307,0.01234,0.00000,20.52840,0.00000,0.00078,66.81003
poem.15488.txt,0.02767,0.00000,0.00000,0.00000,0.00000,0.00000,2.46667
poem.15593.txt,0.14939,0.01101,0.00000,21.34540,0.00000,0.00020,57.79095
poem.15741.txt,0.00000,0.00000,0.00000,0.00000,0.00000,0.00000,0.00000
poem.15742.txt,0.01231,0.03864,0.00000,0.73333,0.00000,0.00000,5.28571
poem.15850.txt,0.04646,0.05000,0.00000,7.73667,0.00000,0.00033,11.37524
poem.15868.txt,0.02167,0.04467,0.00000,4.10810,0.00000,0.00025,25.35175
poem.15983.txt,0.02091,0.00000,0.00000,0.00000,0.00000,0.00000,2.30000
poem.15984.txt,0.01066,0.00000,0.00000,2.25000,0.00000,0.00000,0.65000
poem.16327.txt,0.06544,0.00571,0.00000,22.57690,0.00000,0.00047,45.83746
poem.16467.txt,0.03653,0.00522,0.00000,2.74333,0.00000,0.00130,5.76667
poem.16554.txt,0.03742,0.00000,0.00000,1.35000,0.00000,0.00000,4.34714
poem.16665.txt,0.02462,0.04250,0.00000,10.90714,0.00000,0.00069,150.47167
poem.16968.txt,0.04334,0.01608,0.00000,19.63333,0.00000,0.00054,39.58950
poem.17023.txt,0.02118,0.00652,0.00000,6.64167,0.00000,0.00173,3.29167
poem.171045.txt,0.01682,0.03333,0.00000,1.26000,0.00000,0.00000,6.54810
poem.171056.txt,0.11458,0.00000,0.00000,0.00000,0.00000,0.00000,4.95000
poem.171072.txt,0.03677,0.00000,0.00000,0.37143,0.00000,0.00000,14.78429
poem.171087.txt,0.02000,0.00000,0.00000,0.00000,0.00000,0.00000,0.20000
poem.171088.txt,0.03489,0.03333,0.00000,0.43333,0.00000,0.00551,5.10754
poem.171089.txt,0.01442,0.00000,0.00000,0.00000,0.00000,0.00000,1.58667
poem.171093.txt,0.02252,0.00000,0.00000,0.00000,0.00000,0.00000,1.01333
poem.171098.txt,0.02088,0.00000,0.00000,0.00000,0.00000,0.00000,1.49667
poem.171120.txt,0.00000,0.00000,0.00000,0.00000,0.00000,0.00000,0.00000
poem.171136.txt,0.00442,0.02778,0.00000,0.00000,0.00000,0.00000,0.81905
poem.171137.txt,0.00352,0.00000,0.00000,0.00000,0.00000,0.00000,0.64000
poem.171139.txt,0.03113,0.00000,0.00000,0.00000,0.00000,0.00000,1.80476
poem.171143.txt,0.01931,0.00000,0.00000,0.73333,0.00000,0.00000,0.65714
poem.171147.txt,0.01768,0.00000,0.00000,0.00000,0.00000,0.00000,2.84833
poem.171148.txt,0.02878,0.01978,0.00000,0.00000,0.00000,0.00631,3.38071
poem.171168.txt,0.02582,0.02037,0.00000,0.75000,0.00000,0.00158,4.04071
poem.171173.txt,0.01827,0.00000,0.00000,3.74667,0.00000,0.00000,4.88095
poem.171176.txt,0.01584,0.00000,0.00000,0.00000,0.00000,0.00000,6.19952
poem.171199.txt,0.03855,0.02333,0.00000,4.20000,0.00000,0.00000,10.89238
poem.171221.txt,0.02551,0.03695,0.00000,3.18333,0.00000,0.00000,4.37667
poem.171223.txt,0.01190,0.01968,0.00000,0.36667,0.00000,0.00000,2.58698
poem.171226.txt,0.00000,0.07692,0.00000,0.00000,0.00000,0.00649,0.00000
poem.171228.txt,0.00857,0.03867,0.00000,0.28000,0.00000,0.00135,6.83667
poem.171229.txt,0.05346,0.02418,0.00000,1.40000,0.00000,0.01171,12.41197
poem.171231.txt,0.03682,0.00000,0.00000,0.00000,0.00000,0.00000,1.45000
poem.171233.txt,0.02323,0.03700,0.00000,2.95000,0.00000,0.00096,10.32524
poem.171234.txt,0.04881,0.00000,0.00000,0.00000,0.00000,0.00000,0.95000
poem.171237.txt,0.02817,0.01167,0.00000,0.93000,0.00000,0.00000,3.73667
poem.171238.txt,0.00531,0.00000,0.00000,0.00000,0.00000,0.00000,1.81667
poem.171239.txt,0.02739,0.00761,0.00000,0.00000,0.00000,0.00093,5.13190
poem.171241.txt,0.01471,0.00000,0.00000,1.40000,0.00000,0.00067,6.81690
poem.171243.txt,0.00300,0.00000,0.00000,0.00000,0.00000,0.00286,0.63000
poem.171244.txt,0.01404,0.00000,0.00000,1.83333,0.00000,0.00000,41.70651
poem.171245.txt,0.00760,0.00000,0.00000,0.73333,0.00000,0.00183,6.33333
poem.171247.txt,0.04672,0.01429,0.00000,58.36167,1.73333,0.00025,334.44786
poem.171249.txt,0.01669,0.03182,0.00000,1.94667,0.00000,0.00012,36.12524
poem.171250.txt,0.00526,0.00000,0.00000,0.55000,0.00000,0.00000,0.88000
poem.171254.txt,0.01078,0.00000,0.00000,0.00000,0.00000,0.00000,3.53556
poem.171259.txt,0.01929,0.00000,0.00000,0.00000,0.00000,0.00000,1.53333
poem.171260.txt,0.03182,0.01706,0.00000,0.95077,0.00000,0.00047,17.03126
poem.171262.txt,0.01425,0.01409,0.00000,3.02143,0.60000,0.00000,6.97119
poem.171264.txt,0.03438,0.00000,0.00000,0.00000,0.00000,0.00000,4.03111
poem.171267.txt,0.02675,0.00000,0.00000,0.00000,0.00000,0.00000,12.52079
poem.171268.txt,0.05525,0.01608,0.00000,11.81333,0.00000,0.00000,1.96312
poem.171269.txt,0.01443,0.00000,0.00000,1.80000,0.00000,0.00000,6.16667
poem.171272.txt,0.01806,0.00000,0.00000,2.86667,0.00000,0.00347,1.46833
poem.171277.txt,0.03023,0.00800,0.00000,11.66167,0.00000,0.00054,14.98524
poem.171279.txt,0.01282,0.01852,0.00000,0.70000,0.00000,0.00000,21.80317
poem.171281.txt,0.03668,0.00000,0.00000,1.35000,0.00000,0.00009,50.63643
poem.171282.txt,0.07636,0.00556,0.00000,45.66571,1.00000,0.00041,0.76667
poem.171285.txt,0.02027,0.01120,0.00000,0.00000,0.00000,0.00000,8.31667
poem.171288.txt,0.00756,0.00000,0.00000,3.06667,0.00000,0.00000,5.41905
poem.171289.txt,0.01400,0.00000,0.00000,0.00000,0.00000,0.00066,14.05508
poem.171290.txt,0.02037,0.01650,0.00000,11.38667,0.00000,0.00020,162.25886
poem.171291.txt,0.01337,0.00000,0.00000,0.00000,0.00000,0.00000,8.93524
poem.171294.txt,0.02259,0.00000,0.00000,0.70000,0.00000,0.00000,11.88843
poem.171297.txt,0.02023,0.00000,0.00000,1.30000,0.00000,0.00048,18.77532
poem.171299.txt,0.01132,0.00000,0.00000,0.50000,0.00000,0.01601,6.85778
poem.171300.txt,0.00359,0.00421,0.00000,0.00000,0.00000,0.00023,4.93540
poem.171302.txt,0.02126,0.01159,0.00000,2.15000,0.00000,0.00000,12.93238
poem.171303.txt,0.03085,0.00000,0.00000,0.55000,0.00000,0.00000,16.96024
poem.171306.txt,0.01885,0.01455,0.00000,8.82778,0.00000,0.00076,46.11751
poem.171307.txt,0.02423,0.01314,0.00000,1.75000,0.00000,0.00062,5.66762
poem.171308.txt,0.02814,0.00486,0.00000,5.00000,0.00000,0.00000,4.65103
poem.171309.txt,0.01519,0.01086,0.00000,1.46667,0.00000,0.00000,10.97193
poem.171310.txt,0.03543,0.00923,0.00000,1.73333,0.00000,0.00053,14.83460
poem.171311.txt,0.02737,0.03315,0.00000,36.27823,1.73333,0.00060,620.97685
poem.171313.txt,0.05526,0.01667,0.00000,2.94000,0.00000,0.00000,2.80278
poem.171314.txt,0.01988,0.04510,0.00000,1.39444,0.00000,0.00346,5.79452
poem.171315.txt,0.01762,0.04348,0.00000,0.00000,0.00000,0.00054,3.95952
poem.171316.txt,0.01864,0.00800,0.00000,0.00000,0.00000,0.00000,7.34000
poem.171317.txt,0.05153,0.02143,0.00000,0.48000,0.00000,0.00000,3.28690
poem.171322.txt,0.01348,0.04409,0.00000,0.00000,0.00000,0.00086,9.39762
poem.171323.txt,0.01754,0.02141,0.00000,3.03333,0.00000,0.00000,7.09952
poem.171325.txt,0.02010,0.02200,0.00000,1.15000,0.00000,0.00000,16.30738
poem.171331.txt,0.02254,0.01425,0.00000,1.10667,0.00000,0.00078,14.99778
poem.171336.txt,0.03784,0.01571,0.00000,0.00000,0.00000,0.00000,16.18738
poem.171342.txt,0.02112,0.00920,0.00000,0.60000,0.00000,0.00057,12.63444
poem.171343.txt,0.02196,0.02556,0.00000,0.00000,0.00000,0.00000,6.20683
poem.171348.txt,0.03234,0.00000,0.00000,3.55667,0.00000,0.00000,10.28357
poem.171349.txt,0.02053,0.00000,0.00000,1.10000,0.00000,0.00000,4.48667
poem.171350.txt,0.02284,0.01824,0.00000,15.93000,0.90000,0.00221,87.17733
poem.171352.txt,0.04917,0.02469,0.00000,1.82667,0.00000,0.00000,14.24000
poem.171354.txt,0.03550,0.04123,0.00000,0.68000,0.00000,0.00046,26.57516
poem.171355.txt,0.04602,0.00000,0.00000,28.40095,0.00000,0.00140,2.82286
poem.171358.txt,0.06511,0.03396,0.00000,28.37762,0.00000,0.00321,96.59651
poem.171360.txt,0.01754,0.00000,0.00000,0.00000,0.00000,0.00000,4.96619
poem.171362.txt,0.01299,0.01647,0.00000,0.00000,0.00000,0.00000,3.39667
poem.171363.txt,0.01459,0.00000,0.00000,0.00000,0.00000,0.00000,3.32000
poem.171367.txt,0.01470,0.00000,0.00000,0.00000,0.00000,0.00000,3.68667
poem.171368.txt,0.00452,0.00000,0.00000,0.15000,0.00000,0.00000,3.27000
poem.171369.txt,0.01922,0.00972,0.00000,1.94667,0.00000,0.00042,11.68071
poem.171370.txt,0.03206,0.00577,0.00000,0.00000,0.00000,0.00063,6.28000
poem.171372.txt,0.03810,0.02533,0.00000,0.00000,0.00000,0.00000,10.11714
poem.171373.txt,0.01826,0.00000,0.00000,1.40000,0.00000,0.00000,1.25000
poem.171376.txt,0.01955,0.01905,0.00000,2.10000,0.00000,0.00000,3.75768
poem.171382.txt,0.01539,0.00000,0.00000,2.83333,0.00000,0.00151,5.87762
poem.171383.txt,0.01238,0.02917,0.00000,0.60000,0.00000,0.00000,2.46667
poem.171385.txt,0.18632,0.00000,0.00000,5.67333,0.00000,0.00344,5.19333
poem.171389.txt,0.00983,0.00286,0.00000,4.40000,0.00000,0.00028,16.28357
poem.171392.txt,0.00808,0.00544,0.00000,0.00000,0.00000,0.00132,3.18286
poem.171395.txt,0.00358,0.04348,0.00000,0.93333,0.00000,0.00108,0.71833
poem.171397.txt,0.02400,0.00000,0.00000,0.00000,0.00000,0.00072,2.51667
poem.171399.txt,0.01374,0.03658,0.00000,0.00000,0.00000,0.00028,15.49762
poem.171400.txt,0.03730,0.00000,0.00000,1.60000,0.00000,0.00000,2.85119
poem.171401.txt,0.08193,0.01481,0.00000,17.60000,0.00000,0.00000,4.95238
poem.171403.txt,0.02169,0.00000,0.00000,1.46667,0.00000,0.00000,9.44286
poem.171404.txt,0.01378,0.00000,0.00000,1.98333,0.00000,0.00187,5.96452
poem.171406.txt,0.08480,0.00476,0.00000,7.56190,0.00000,0.00000,11.41000
poem.171410.txt,0.01975,0.01963,0.00000,0.00000,0.00000,0.00018,13.59015
poem.171411.txt,0.01185,0.03897,0.00000,0.00000,0.00000,0.00079,5.92315
poem.171413.txt,0.01953,0.01094,0.00000,0.00000,0.00000,0.00081,7.17698
poem.171417.txt,0.01028,0.00429,0.00000,0.37143,0.00000,0.01225,9.54429
poem.171419.txt,0.00495,0.00000,0.00000,0.00000,0.00000,0.00000,0.90000
poem.171421.txt,0.02418,0.01786,0.00000,0.00000,0.00000,0.00000,9.47111
poem.171424.txt,0.02435,0.00000,0.00000,2.83333,0.00000,0.00030,39.89206
poem.171425.txt,0.01696,0.00813,0.00000,1.10000,0.00000,0.00238,15.64238
poem.171427.txt,0.01881,0.01204,0.00000,4.36667,0.00000,0.00041,31.96500
poem.171428.txt,0.01930,0.00667,0.00000,1.52500,0.00000,0.00000,26.82206
poem.171429.txt,0.03153,0.00000,0.00000,0.42000,0.00000,0.00081,12.00762
poem.171431.txt,0.02177,0.00514,0.00000,22.05548,0.00000,0.00035,379.77538
poem.171432.txt,0.01680,0.02775,0.00000,2.53333,0.00000,0.00081,39.75500
poem.171433.txt,0.01894,0.04226,0.00000,2.55000,0.00000,0.00075,33.71190
poem.171436.txt,0.02583,0.01071,0.00000,0.00000,0.00000,0.00000,10.43000
poem.171438.txt,0.01556,0.00000,0.00000,0.33333,0.00000,0.00000,10.44571
poem.171439.txt,0.01485,0.01358,0.00000,2.21667,0.00000,0.00047,29.62214
poem.171440.txt,0.03622,0.00000,0.00000,3.63476,0.00000,0.00000,3.97190
poem.171443.txt,0.17209,0.00000,0.00000,3.09762,0.00000,0.00000,0.00000
poem.171445.txt,0.07267,0.00000,0.00000,10.04667,0.00000,0.00000,14.29119
poem.171448.txt,0.22222,0.00000,0.00000,1.33333,0.00000,0.00000,0.00000
poem.171453.txt,0.03348,0.02125,0.00000,5.91667,0.00000,0.00026,78.48714
poem.171454.txt,0.01596,0.01124,0.00000,13.97905,0.85000,0.00090,200.76357
poem.171456.txt,0.01579,0.00493,0.00000,3.18333,0.00000,0.00048,35.06238
poem.171457.txt,0.04781,0.00519,0.00000,22.83365,0.00000,0.00046,19.37810
poem.171458.txt,0.01936,0.00000,0.00000,8.28889,0.00000,0.00000,2.25000
poem.171460.txt,0.01986,0.00000,0.00000,0.96818,0.00000,0.00035,45.92619
poem.171464.txt,0.02061,0.00000,0.00000,7.36000,0.00000,0.00039,83.58762
poem.171465.txt,0.01048,0.00537,0.00000,4.23333,0.00000,0.00082,37.91474
poem.171466.txt,0.04094,0.00000,0.00000,0.00000,0.00000,0.00221,3.50667
poem.171467.txt,0.01501,0.00000,0.00000,1.56667,0.00000,0.00000,8.60222
poem.171470.txt,0.02574,0.01014,0.00000,2.43333,0.00000,0.00025,24.29381
poem.171471.txt,0.00000,0.33333,0.00000,0.00000,0.00000,0.00000,0.33333
poem.171473.txt,0.01525,0.00000,0.00000,1.15000,0.00000,0.00054,16.86190
poem.171475.txt,0.02795,0.00000,0.00000,0.00000,0.00000,0.00000,0.86000
poem.171477.txt,0.01682,0.02083,0.00000,3.62000,0.00000,0.00000,17.52937
poem.171481.txt,0.01694,0.03846,0.00000,2.95000,0.00000,0.00025,19.29488
poem.171482.txt,0.02461,0.00000,0.00000,6.46667,0.00000,0.00000,10.66095
poem.171484.txt,0.02705,0.00000,0.00000,12.60095,0.00000,0.00034,38.11246
poem.171487.txt,0.03257,0.01059,0.00000,3.17333,0.00000,0.00102,39.95190
poem.171490.txt,0.05484,0.00000,0.00000,4.45833,0.86667,0.00000,7.79000
poem.171492.txt,0.01307,0.05000,0.00000,0.44000,0.00000,0.00175,2.96167
poem.171493.txt,0.02061,0.04735,0.00000,2.06667,0.00000,0.00052,22.95714
poem.171498.txt,0.02108,0.01357,0.00000,1.08333,0.00000,0.00017,35.71789
poem.171499.txt,0.01945,0.00000,0.00000,0.00000,0.00000,0.00000,1.74000
poem.171502.txt,0.05971,0.01067,0.00000,1.08333,0.00000,0.00000,4.35190
poem.171504.txt,0.02379,0.00000,0.00000,0.55000,0.00000,0.00000,2.06667
poem.171505.txt,0.02506,0.00000,0.00000,0.73333,0.00000,0.00286,2.85000
poem.171507.txt,0.02203,0.00000,0.00000,0.55000,0.00000,0.00000,2.59000
poem.171509.txt,0.00650,0.00000,0.00000,0.00000,0.00000,0.00000,1.98810
poem.171510.txt,0.05514,0.00000,0.00000,0.55000,0.00000,0.00000,7.35095
poem.171512.txt,0.09517,0.01333,0.00000,24.17429,1.00000,0.00070,29.98825
poem.171514.txt,0.04864,0.02643,0.00000,25.78212,1.73333,0.00026,44.71286
poem.171516.txt,0.05028,0.00985,0.00000,13.40000,0.00000,0.00081,9.03024
poem.171518.txt,0.07126,0.04187,0.00000,3.72000,0.00000,0.00203,13.84143
poem.171520.txt,0.03020,0.00625,0.00000,6.90000,0.00000,0.00065,10.23203
poem.171522.txt,0.12308,0.02747,0.00000,16.68952,0.00000,0.00321,60.17738
poem.171523.txt,0.04539,0.00454,0.00000,13.33333,0.00000,0.00020,12.34222
poem.171529.txt,0.02607,0.00000,0.00000,3.26667,0.00000,0.00647,23.09429
poem.171532.txt,0.01593,0.00000,0.00000,6.88095,0.00000,0.00038,102.41476
poem.171536.txt,0.01852,0.00000,0.00000,0.00000,0.00000,0.00000,3.45429
poem.171539.txt,0.03668,0.00828,0.00000,1.98000,0.00000,0.00000,7.32024
poem.171541.txt,0.01505,0.00000,0.00000,6.88444,0.00000,0.00000,12.95476
poem.171542.txt,0.01277,0.00000,0.00000,0.00000,0.00000,0.00088,2.36571
poem.171544.txt,0.03321,0.01944,0.00000,0.00000,0.00000,0.00000,1.98619
poem.171546.txt,0.02329,0.00000,0.00000,1.95714,0.00000,0.00009,40.31079
poem.171549.txt,0.01310,0.00000,0.00000,1.73333,0.00000,0.00008,41.27048
poem.171550.txt,0.04484,0.00420,0.00000,0.00000,0.00000,0.00111,21.03000
poem.171552.txt,0.01560,0.12727,0.00000,0.55000,0.00000,0.00021,22.54714
poem.171554.txt,0.02518,0.02500,0.00000,0.00000,0.00000,0.00162,4.76035
poem.171555.txt,0.02699,0.00000,0.00000,1.80333,0.00000,0.00325,65.47508
poem.171558.txt,0.01647,0.00000,0.00000,0.00000,0.00000,0.00130,3.17714
poem.171560.txt,0.02202,0.01352,0.00000,0.81000,0.00000,0.00059,28.11516
poem.171562.txt,0.01831,0.00000,0.00000,1.10000,0.00000,0.00113,6.41429
poem.171563.txt,0.02656,0.00804,0.00000,1.20000,0.00000,0.00140,6.32857
poem.171565.txt,0.06643,0.00000,0.00000,0.73333,0.00000,0.01429,3.06667
poem.171571.txt,0.10300,0.06000,0.00000,1.45333,0.00000,0.00000,4.26333
poem.171574.txt,0.01804,0.00333,0.00000,1.43333,0.00000,0.00000,3.33667
poem.171575.txt,0.04535,0.00645,0.00000,33.33905,7.05000,0.00888,247.04119
poem.171579.txt,0.02059,0.01801,0.00000,1.90905,0.90000,0.00039,22.35484
poem.171580.txt,0.00716,0.00000,0.00000,0.00000,0.00000,0.00000,2.45000
poem.171587.txt,0.05754,0.00000,0.00000,0.00000,0.00000,0.00000,21.06151
poem.171589.txt,0.01494,0.00000,0.00000,4.26667,0.00000,0.01040,24.96881
poem.171590.txt,0.03657,0.00000,0.00000,0.73333,0.00000,0.00000,14.68786
poem.171592.txt,0.01444,0.00000,0.00000,1.62778,0.00000,0.00085,22.77500
poem.171594.txt,0.04854,0.00000,0.00000,0.00000,0.00000,0.00013,62.16167
poem.171596.txt,0.02443,0.00000,0.00000,0.75000,0.00000,0.00000,10.53000
poem.171599.txt,0.02031,0.00000,0.00000,44.03325,0.00000,0.00132,707.17542
poem.171600.txt,0.01604,0.00000,0.00000,3.97857,0.00000,0.00326,50.50532
poem.171601.txt,0.01570,0.00400,0.00000,0.00000,0.00000,0.00037,14.24952
poem.171602.txt,0.03133,0.00625,0.00000,0.55000,0.00000,0.00100,10.32063
poem.171604.txt,0.04099,0.03689,0.00000,0.00000,0.00000,0.00275,3.77000
poem.171605.txt,0.01093,0.00946,0.00000,1.50000,0.00000,0.00073,9.31702
poem.171607.txt,0.05255,0.00000,0.00000,0.00000,0.00000,0.00000,14.16968
poem.171608.txt,0.01275,0.00000,0.00000,2.20000,0.80000,0.01798,9.65000
poem.171611.txt,0.01993,0.00372,0.00000,0.00000,0.00000,0.00000,20.83551
poem.171612.txt,0.08607,0.01389,0.00000,3.58333,0.00000,0.00327,2.13333
poem.171613.txt,0.03185,0.00000,0.00000,0.00000,0.00000,0.00000,1.29333
poem.171619.txt,0.02661,0.00000,0.00000,2.03333,0.00000,0.00000,0.89333
poem.171620.txt,0.01388,0.01846,0.00000,19.62048,0.00000,0.00015,155.41986
poem.171621.txt,0.14722,0.00000,0.00000,12.23333,0.00000,0.00000,1.28333
poem.171625.txt,0.00784,0.00667,0.00000,0.00000,0.00000,0.00275,1.52667
poem.171628.txt,0.05071,0.20860,0.00000,8.94667,0.85000,0.00000,55.69667
poem.171629.txt,0.07778,0.00000,0.00000,0.46667,0.00000,0.00000,0.00000
poem.171630.txt,0.08125,0.00000,0.00000,0.65000,0.00000,0.00000,0.00000
poem.171633.txt,0.24722,0.00000,0.00000,1.48333,0.00000,0.00000,0.00000
poem.171634.txt,0.02857,0.00000,0.00000,1.20000,0.00000,0.00000,0.00000
poem.171637.txt,0.10184,0.00000,0.00000,3.10333,0.00000,0.00000,2.76667
poem.171641.txt,0.19167,0.00000,0.00000,1.93333,0.00000,0.00000,0.00000
poem.171645.txt,0.02286,0.00000,0.00000,6.08333,0.00000,0.00000,8.64333
poem.171646.txt,0.01143,0.00000,0.00000,2.40000,0.00000,0.00000,0.00000
poem.171654.txt,0.04785,0.00000,0.00000,2.55000,0.00000,0.00000,1.89762
poem.171658.txt,0.00824,0.00000,0.00000,1.30000,0.00000,0.01071,0.20000
poem.171660.txt,0.02004,0.00000,0.00000,1.30000,0.00000,0.00000,2.34667
poem.171661.txt,0.00807,0.00000,0.00000,0.00000,0.00000,0.00000,0.39000
poem.171663.txt,0.00722,0.03006,0.00000,0.75000,0.00000,0.00000,5.15833
poem.171664.txt,0.00976,0.01361,0.00000,0.00000,0.00000,0.00000,2.48294
poem.171668.txt,0.02405,0.00488,0.00000,0.55000,0.00000,0.00067,16.38476
poem.171670.txt,0.01160,0.00000,0.00000,0.55000,0.00000,0.00000,1.26000
poem.171672.txt,0.01025,0.02222,0.00000,1.18333,0.00000,0.00026,14.10491
poem.171684.txt,0.01446,0.00000,0.00000,0.60000,0.00000,0.00000,1.46476
poem.171685.txt,0.01294,0.00000,0.00000,0.00000,0.00000,0.00272,2.71667
poem.171688.txt,0.02006,0.00000,0.00000,0.00000,0.00000,0.00000,2.21333
poem.171689.txt,0.01462,0.01143,0.00000,1.28333,0.00000,0.00000,4.13143
poem.171691.txt,0.03178,0.00000,0.00000,4.46667,0.00000,0.00048,106.46024
poem.171692.txt,0.02279,0.08667,0.00000,0.00000,0.00000,0.00000,3.78500
poem.171694.txt,0.02500,0.00000,0.00000,1.20000,0.00000,0.00139,9.88651
poem.171706.txt,0.01995,0.00750,0.00000,1.85000,0.00000,0.00000,16.31424
poem.171709.txt,0.02379,0.00000,0.00000,0.00000,0.00000,0.00059,6.81167
poem.171710.txt,0.03248,0.02871,0.00000,1.63333,0.00000,0.00161,7.77571
poem.171711.txt,0.03372,0.01850,0.00000,10.49333,0.00000,0.00063,91.28214
poem.171717.txt,0.12391,0.00000,0.00000,10.06667,0.00000,0.00000,1.68000
poem.171720.txt,0.06000,0.00000,0.00000,0.00000,0.00000,0.00000,0.36000
poem.171723.txt,0.01182,0.04118,0.00000,0.70000,0.00000,0.00000,1.32000
poem.171724.txt,0.02466,0.00658,0.00000,5.67000,0.00000,0.00365,169.63013
poem.171725.txt,0.06947,0.00879,0.00000,42.03143,0.00000,0.00119,174.37333
poem.171726.txt,0.02607,0.00000,0.00000,0.55000,0.00000,0.00116,23.43468
poem.171729.txt,0.03455,0.01556,0.00000,0.70500,0.00000,0.00000,4.77333
poem.171731.txt,0.01798,0.01000,0.00000,10.01818,0.00000,0.00049,113.82153
poem.171733.txt,0.03809,0.00000,0.00000,0.00000,0.00000,0.00000,5.82786
poem.171735.txt,0.02361,0.00000,0.00000,0.73333,0.00000,0.00000,10.60619
poem.171742.txt,0.03425,0.05722,0.00000,2.65000,1.80000,0.00322,3.25500
poem.171743.txt,0.10758,0.00000,0.00000,2.16667,0.00000,0.00000,0.20000
poem.171746.txt,0.10489,0.00000,0.00000,7.10000,0.00000,0.00000,3.29000
poem.171747.txt,0.02884,0.00000,0.00000,1.26000,1.20000,0.00036,25.09079
poem.171748.txt,0.00000,0.00000,0.00000,0.00000,0.00000,0.00000,0.00000
poem.171750.txt,0.04802,0.00000,0.00000,2.01667,0.00000,0.00000,0.00000
poem.171753.txt,0.03272,0.04231,0.00000,10.30000,0.00000,0.00045,90.09797
poem.171754.txt,0.04090,0.05636,0.00000,1.15000,0.00000,0.00170,4.83778
poem.171756.txt,0.05994,0.06190,0.00000,1.48333,0.00000,0.00481,5.06667
poem.171758.txt,0.03250,0.00000,0.00000,0.00000,0.00000,0.00043,17.73810
poem.171759.txt,0.02805,0.03942,0.00000,1.06000,0.00000,0.00048,32.19635
poem.171760.txt,0.02187,0.00856,0.00000,0.43333,0.00000,0.00227,44.20603
poem.171762.txt,0.02547,0.00000,0.00000,0.75000,0.00000,0.00091,6.48333
poem.171764.txt,0.04383,0.01169,0.00000,2.03333,0.00000,0.00156,26.96823
poem.171765.txt,0.01684,0.02284,0.00000,6.55714,0.00000,0.00012,43.63167
poem.171766.txt,0.00611,0.01912,0.00000,0.80000,0.00000,0.00026,6.29944
poem.171767.txt,0.12566,0.00000,0.00000,14.61000,0.00000,0.00000,14.26333
poem.171768.txt,0.00000,0.00000,0.00000,0.00000,0.00000,0.00000,0.00000
poem.171771.txt,0.02497,0.00276,0.00000,24.04667,1.80000,0.00023,110.51833
poem.171774.txt,0.02027,0.03207,0.00000,95.77095,1.80000,0.00357,149.02857
poem.171775.txt,0.02503,0.01594,0.00000,2.36667,0.00000,0.00549,33.80651
poem.171776.txt,0.09854,0.02456,0.00000,17.56667,0.00000,0.00000,0.90333
poem.171777.txt,0.01116,0.05882,0.00000,0.00000,0.00000,0.00000,1.16190
poem.171779.txt,0.08487,0.00000,0.00000,8.34000,0.00000,0.00000,6.10833
poem.171788.txt,0.07857,0.00000,0.00000,8.06333,0.00000,0.00000,10.40000
poem.171790.txt,0.02664,0.00000,0.00000,1.10000,0.00000,0.00599,35.10048
poem.171794.txt,0.02150,0.00500,0.00000,4.01667,0.00000,0.00000,11.24000
poem.171795.txt,0.05330,0.00896,0.00000,20.16000,0.00000,0.00118,21.58262
poem.171796.txt,0.07238,0.00574,0.00000,14.46595,0.00000,0.00064,44.69905
poem.171800.txt,0.11592,0.01296,0.00000,2.55000,0.00000,0.00315,14.56000
poem.171804.txt,0.02341,0.00643,0.00000,16.63000,0.00000,0.00338,160.90341
poem.171806.txt,0.00564,0.00952,0.00000,0.00000,0.00000,0.00000,3.08000
poem.171810.txt,0.02349,0.01407,0.00000,4.89000,0.00000,0.00322,89.26087
poem.171811.txt,0.02125,0.00000,0.00000,0.00000,0.00000,0.00000,3.05405
poem.171812.txt,0.01215,0.01571,0.00000,0.44000,0.00000,0.00000,6.93222
poem.171824.txt,0.01114,0.02821,0.00000,2.79333,0.00000,0.00025,40.25952
poem.171826.txt,0.02067,0.02837,0.00000,0.00000,0.00000,0.00000,11.14095
poem.171827.txt,0.00840,0.00500,0.00000,2.41667,0.00000,0.00013,26.63143
poem.171829.txt,0.00754,0.03030,0.00000,0.00000,0.00000,0.00043,4.58238
poem.171830.txt,0.04252,0.00000,0.00000,0.75000,0.00000,0.00036,16.86286
poem.171831.txt,0.02773,0.00802,0.00000,2.99000,0.00000,0.00560,29.99929
poem.171832.txt,0.04215,0.01632,0.00000,0.70000,0.00000,0.00000,9.01722
poem.171839.txt,0.02838,0.00356,0.00000,8.21667,0.00000,0.00026,16.67397
poem.171841.txt,0.03415,0.00556,0.00000,2.77111,0.00000,0.00000,19.86246
poem.171843.txt,0.02563,0.00649,0.00000,0.58000,0.00000,0.00000,3.35119
poem.171847.txt,0.03844,0.01176,0.00000,5.10500,0.00000,0.00020,40.44333
poem.171848.txt,0.03359,0.00000,0.00000,1.15000,0.00000,0.00000,2.18889
poem.171850.txt,0.01228,0.01874,0.00000,0.00000,0.00000,0.00932,7.24968
poem.171852.txt,0.05026,0.00769,0.00000,3.24000,1.73333,0.00679,34.85619
poem.171853.txt,0.04124,0.00000,0.00000,0.43333,0.00000,0.00513,3.83333
poem.171855.txt,0.01520,0.00000,0.00000,7.11333,0.00000,0.00000,4.37667
poem.171856.txt,0.02425,0.05560,0.00000,7.69667,0.00000,0.00042,41.02952
poem.171859.txt,0.01157,0.00800,0.00000,0.00000,0.00000,0.00000,6.58397
poem.171861.txt,0.04332,0.00849,0.00000,10.22333,0.00000,0.00000,21.71751
poem.171862.txt,0.01927,0.00000,0.00000,0.55000,0.00000,0.00000,2.25500
poem.171866.txt,0.02709,0.00000,0.00000,2.32000,0.00000,0.00030,19.44119
poem.171867.txt,0.02248,0.00000,0.00000,0.00000,0.00000,0.00000,4.26460
poem.171868.txt,0.04378,0.00000,0.00000,0.00000,0.00000,0.00000,2.05905
poem.171869.txt,0.03133,0.00000,0.00000,0.00000,0.00000,0.00414,3.83667
poem.171870.txt,0.01846,0.00000,0.00000,0.00000,0.00000,0.01842,3.61667
poem.171875.txt,0.03278,0.00000,0.00000,2.79000,0.00000,0.00086,45.13238
poem.171876.txt,0.02073,0.00000,0.00000,0.00000,0.00000,0.00125,7.41190
poem.171878.txt,0.05945,0.00000,0.00000,0.46667,0.00000,0.00204,9.54667
poem.171879.txt,0.02662,0.02663,0.00000,0.00000,0.00000,0.00000,15.12333
poem.171881.txt,0.01379,0.03125,0.00000,0.73333,0.00000,0.00000,8.82238
poem.171882.txt,0.04049,0.00000,0.00000,1.04000,0.00000,0.00107,8.58571
poem.171888.txt,0.01350,0.03485,0.00000,1.00000,0.00000,0.00756,18.90810
poem.171907.txt,0.01495,0.00533,0.00000,0.00000,0.00000,0.00000,7.53965
poem.171908.txt,0.01599,0.00220,0.00000,2.45000,0.00000,0.00024,21.56452
poem.171910.txt,0.00866,0.02372,0.00000,1.45333,0.00000,0.00000,20.87413
poem.171911.txt,0.02503,0.03684,0.00000,0.70000,0.00000,0.00000,2.96000
poem.171913.txt,0.02105,0.00000,0.00000,2.40000,0.00000,0.00074,6.18524
poem.171915.txt,0.02047,0.00333,0.00000,1.90667,0.86667,0.00046,32.46551
poem.171916.txt,0.03784,0.01150,0.00000,4.38333,0.00000,0.00872,26.15905
poem.171918.txt,0.01579,0.00571,0.00000,1.55000,0.00000,0.00006,30.60500
poem.171921.txt,0.09746,0.00000,0.00000,19.77000,0.00000,0.00000,10.34667
poem.171922.txt,0.05444,0.09874,0.00000,5.27000,0.00000,0.00000,4.60476
poem.171925.txt,0.08930,0.00000,0.00000,6.13929,0.00000,0.00000,0.00000
poem.171927.txt,0.04937,0.01600,0.00000,5.14429,0.00000,0.00000,1.05667
poem.171940.txt,0.06463,0.00762,0.00000,49.69000,0.00000,0.00816,118.08048
poem.171941.txt,0.01057,0.10859,0.00000,12.17333,0.00000,0.00000,1.89333
poem.171943.txt,0.14739,0.00000,0.00000,4.17333,0.00000,0.00000,1.25778
poem.171952.txt,0.02302,0.00000,0.00000,0.96667,0.00000,0.00000,0.00000
poem.171955.txt,0.15249,0.00000,0.00000,8.46667,0.00000,0.00000,0.35000
poem.171957.txt,0.03962,0.00000,0.00000,2.86095,0.00000,0.00000,2.42857
poem.171958.txt,0.01485,0.01995,0.00000,33.17476,0.00000,0.00053,150.78212
poem.171961.txt,0.01206,0.02325,0.00000,7.55667,0.80000,0.00050,35.50278
poem.171963.txt,0.04361,0.01667,0.00000,3.92000,0.00000,0.00000,1.31667
poem.171965.txt,0.01703,0.02580,0.00000,1.98333,0.00000,0.00000,20.74754
poem.171978.txt,0.03027,0.09167,0.00000,3.53333,0.00000,0.00000,3.38286
poem.171999.txt,0.02817,0.00824,0.00000,0.20000,0.00000,0.00110,10.49968
poem.172004.txt,0.14836,0.00000,0.00000,6.60000,0.00000,0.00000,12.80571
poem.172014.txt,0.01542,0.00000,0.00000,0.00000,0.00000,0.00000,9.03968
poem.172018.txt,0.04932,0.01957,0.00000,0.36667,0.00000,0.00000,9.09413
poem.172020.txt,0.03884,0.00197,0.00000,23.17667,0.00000,0.00043,206.55420
poem.172024.txt,0.03340,0.00000,0.00000,2.93667,0.00000,0.00032,17.62452
poem.172033.txt,0.04777,0.00760,0.00000,19.67905,0.00000,0.00011,44.03468
poem.172034.txt,0.03714,0.01340,0.00000,40.27667,0.00000,0.00034,128.41357
poem.172035.txt,0.02142,0.00000,0.00000,10.90000,0.00000,0.00294,96.78690
poem.172037.txt,0.08043,0.04583,0.00000,3.21857,0.00000,0.00000,1.74429
poem.172046.txt,0.03126,0.00298,0.00000,3.90000,0.00000,0.00024,33.11690
poem.172047.txt,0.02242,0.01646,0.00000,2.57333,0.00000,0.00385,49.11470
poem.172050.txt,0.02613,0.00000,0.00000,0.00000,0.00000,0.00041,11.92881
poem.172052.txt,0.15818,0.04931,0.00000,8.25476,0.00000,0.00593,3.94524
poem.172054.txt,0.10091,0.02778,0.00000,6.50000,0.00000,0.00000,3.53333
poem.172057.txt,0.10378,0.01026,0.00000,6.47833,0.00000,0.00000,8.59333
poem.172059.txt,0.07351,0.00000,0.00000,1.75810,0.00000,0.00000,6.32825
poem.172060.txt,0.07596,0.00000,0.00000,5.05000,0.00000,0.00068,9.17833
poem.172061.txt,0.01605,0.01250,0.00000,20.58095,0.00000,0.00101,57.40611
poem.172063.txt,0.02844,0.04653,0.00000,6.97000,0.00000,0.00000,10.90833
poem.172066.txt,0.07385,0.01389,0.00000,15.88333,0.00000,0.00362,66.43571
poem.172068.txt,0.08307,0.00571,0.00000,5.72190,0.00000,0.00142,12.62286
poem.172069.txt,0.01536,0.01967,0.00000,19.58810,0.00000,0.00032,19.30841
poem.172071.txt,0.05779,0.00667,0.00000,12.70190,0.00000,0.00054,18.42667
poem.172072.txt,0.01638,0.02262,0.00000,10.45667,0.00000,0.00053,70.90685
poem.172073.txt,0.01715,0.01690,0.00000,1.91333,0.00000,0.00029,13.06952
poem.172074.txt,0.03384,0.02143,0.00000,2.02333,0.00000,0.00000,5.61833
poem.172075.txt,0.02581,0.00494,0.00000,0.50000,0.00000,0.00000,4.01730
poem.172076.txt,0.02844,0.00797,0.00000,1.17333,0.00000,0.00074,19.84476
poem.172077.txt,0.01258,0.04583,0.00000,0.00000,0.00000,0.00000,1.26667
poem.172078.txt,0.03102,0.05686,0.00000,1.23333,0.00000,0.01875,5.22778
poem.172080.txt,0.05853,0.00000,0.00000,1.51000,0.00000,0.00000,3.05905
poem.172085.txt,0.03030,0.00000,0.00000,1.93333,0.00000,0.00000,1.40000
poem.172087.txt,0.02242,0.03333,0.00000,0.00000,0.00000,0.00000,3.26444
poem.172091.txt,0.05361,0.00000,0.00000,2.55000,0.00000,0.00000,0.35000
poem.172092.txt,0.02810,0.00000,0.00000,18.78190,0.85000,0.00667,39.67802
poem.172095.txt,0.02535,0.01818,0.00000,3.27905,0.00000,0.00028,30.22228
poem.172096.txt,0.01499,0.00852,0.00000,15.22000,0.00000,0.00486,128.82881
poem.172097.txt,0.00823,0.04000,0.00000,1.33333,0.00000,0.00078,3.20714
poem.172099.txt,0.01284,0.05803,0.00000,0.00000,0.00000,0.00067,13.38665
poem.172106.txt,0.12554,0.00000,0.00000,21.03333,0.00000,0.00000,3.38333
poem.172124.txt,0.01970,0.00362,0.00000,8.98476,0.00000,0.00043,32.81143
poem.172125.txt,0.01536,0.02969,0.00000,1.12000,0.00000,0.00036,32.35552
poem.172126.txt,0.01081,0.00426,0.00000,0.73333,0.00000,0.00000,18.16714
poem.172128.txt,0.02116,0.01573,0.00000,2.22667,0.00000,0.00074,56.79429
poem.172130.txt,0.01573,0.03333,0.00000,0.93333,0.00000,0.00513,1.98667
poem.172133.txt,0.01945,0.00000,0.00000,0.00000,0.00000,0.00038,14.00111
poem.172134.txt,0.00571,0.00000,0.00000,1.59333,0.00000,0.00000,6.00944
poem.172135.txt,0.01509,0.00000,0.00000,0.00000,0.00000,0.00034,27.20714
poem.172137.txt,0.02666,0.00000,0.00000,0.00000,0.00000,0.00000,3.28333
poem.172140.txt,0.01338,0.00351,0.00000,0.95000,0.00000,0.00278,75.22000
poem.172142.txt,0.01602,0.01183,0.00000,5.61667,0.00000,0.00000,32.85571
poem.172143.txt,0.01860,0.01250,0.00000,8.58333,0.00000,0.00336,53.47270
poem.172144.txt,0.03179,0.00000,0.00000,0.37143,0.00000,0.00832,33.14325
poem.172152.txt,0.01048,0.02277,0.00000,3.30000,0.00000,0.00020,39.50325
poem.172154.txt,0.01633,0.02201,0.00000,32.17857,0.00000,0.00253,323.84619
poem.172158.txt,0.01823,0.01282,0.00000,0.00000,0.00000,0.00000,6.61190
poem.172165.txt,0.01972,0.01366,0.00000,6.64476,0.00000,0.00494,54.67511
poem.172166.txt,0.00960,0.03333,0.00000,0.00000,0.00000,0.00000,6.62857
poem.172167.txt,0.03976,0.00000,0.00000,2.03333,0.00000,0.00000,1.14000
poem.172169.txt,0.18106,0.00000,0.00000,1.43333,0.00000,0.00000,4.01333
poem.172170.txt,0.06012,0.00000,0.00000,18.00000,0.00000,0.00000,23.38000
poem.172182.txt,0.01755,0.00000,0.00000,0.00000,0.00000,0.00000,1.41667
poem.172187.txt,0.00747,0.00000,0.00000,0.00000,0.00000,0.00000,2.55394
poem.172189.txt,0.01368,0.01852,0.00000,0.70000,0.00000,0.00021,22.12960
poem.172194.txt,0.01984,0.00000,0.00000,1.98333,0.00000,0.00062,19.94611
poem.172195.txt,0.04643,0.03088,0.00000,2.96667,0.00000,0.00000,13.39762
poem.172201.txt,0.03086,0.00000,0.00000,3.11071,0.00000,0.00024,42.54238
poem.172219.txt,0.01987,0.00000,0.00000,8.35714,0.00000,0.00000,5.58984
poem.172222.txt,0.02114,0.00783,0.00000,5.25000,0.00000,0.00068,19.26548
poem.172226.txt,0.04372,0.00000,0.00000,0.73333,0.00000,0.00267,3.78786
poem.172227.txt,0.01305,0.00535,0.00000,20.30016,0.00000,0.00323,153.31789
poem.172228.txt,0.03393,0.00857,0.00000,0.00000,0.00000,0.00842,7.38000
poem.172230.txt,0.01905,0.02000,0.00000,0.45000,0.00000,0.00000,2.37000
poem.172232.txt,0.02523,0.02250,0.00000,0.70000,0.00000,0.00000,3.75889
poem.172234.txt,0.07729,0.01180,0.00000,2.87222,0.00000,0.00667,20.31071
poem.172235.txt,0.04106,0.00343,0.00000,7.07762,0.00000,0.00000,28.82935
poem.172236.txt,0.01217,0.04167,0.00000,0.00000,0.00000,0.00000,4.15762
poem.172237.txt,0.02161,0.00000,0.00000,2.28333,0.00000,0.00094,18.91294
poem.172238.txt,0.06965,0.00667,0.00000,4.00394,0.00000,0.00720,2.36778
poem.172263.txt,0.02198,0.00000,0.00000,4.61667,0.00000,0.00000,0.00000
poem.172265.txt,0.03163,0.00889,0.00000,2.18333,0.00000,0.00000,6.41775
poem.172266.txt,0.00690,0.01719,0.00000,0.00000,0.00000,0.00000,1.72500
poem.172270.txt,0.01777,0.04318,0.00000,0.75000,0.00000,0.00000,5.33833
poem.17260.txt,0.01452,0.00000,0.00000,3.53333,0.00000,0.00159,23.46333
poem.172790.txt,0.15264,0.00000,0.00000,38.38333,0.00000,0.00000,4.32000
poem.172843.txt,0.02498,0.00000,0.00000,1.16190,0.00000,0.00068,71.10947
poem.172844.txt,0.04770,0.00000,0.00000,13.55667,0.00000,0.00137,10.80000
poem.172849.txt,0.01804,0.00606,0.00000,18.39111,1.00000,0.00066,13.46333
poem.172853.txt,0.02096,0.00895,0.00000,375.19714,16.05000,0.00060,1293.56304
poem.172855.txt,0.03001,0.01236,0.00000,3.30000,0.00000,0.00095,9.88556
poem.172856.txt,0.02504,0.18750,0.00000,3.58667,0.00000,0.00000,1.67143
poem.172858.txt,0.05798,0.00750,0.00000,18.88333,1.80000,0.01344,4.07571
poem.172860.txt,0.02977,0.01601,0.00000,1519.82048,46.03333,0.00059,9612.03976
poem.172861.txt,0.06235,0.00171,0.00000,187.98762,1.71667,0.00053,479.38048
poem.172864.txt,0.04623,0.00974,0.00000,176.79167,1.73333,0.00237,495.01346
poem.172867.txt,0.15517,0.01867,0.00000,6.76333,0.00000,0.00109,4.31667
poem.172871.txt,0.05659,0.00625,0.00000,7.83524,0.00000,0.00065,10.37095
poem.172899.txt,0.01884,0.00385,0.00000,19.90167,0.90000,0.00000,22.63000
poem.172903.txt,0.16448,0.00857,0.00000,6.02857,0.00000,0.00000,2.16667
poem.172905.txt,0.02857,0.00000,0.00000,1.20000,0.00000,0.00000,0.00000
poem.172907.txt,0.02060,0.01180,0.00000,17.76000,1.71667,0.00332,143.67024
poem.172911.txt,0.03903,0.00000,0.00000,3.26667,0.00000,0.00519,1.02667
poem.172912.txt,0.01214,0.01750,0.00000,1.55714,0.00000,0.00000,2.94333
poem.172913.txt,0.08528,0.00000,0.00000,8.04667,0.00000,0.00000,10.43333
poem.172918.txt,0.02032,0.00000,0.00000,2.76667,0.00000,0.00000,1.50000
poem.172919.txt,0.16435,0.00000,0.00000,7.56095,0.00000,0.00000,5.54667
poem.172920.txt,0.05325,0.00000,0.00000,2.39333,0.00000,0.00000,4.09000
poem.172921.txt,0.04773,0.00000,0.00000,0.65000,0.00000,0.00000,0.66667
poem.172923.txt,0.01686,0.00000,0.00000,3.05000,0.86667,0.00000,1.85000
poem.172940.txt,0.04357,0.00000,0.00000,3.58333,0.00000,0.00000,1.36667
poem.172942.txt,0.05386,0.00000,0.00000,4.01667,0.00000,0.00000,1.65000
poem.172944.txt,0.02389,0.00000,0.00000,2.91667,0.00000,0.00000,2.10000
poem.172946.txt,0.02717,0.04762,0.00000,3.90000,0.00000,0.00000,2.45667
poem.172947.txt,0.01821,0.00000,0.00000,2.00333,0.00000,0.00000,0.00000
poem.172950.txt,0.08974,0.08214,0.00000,3.75000,0.80000,0.00000,0.35000
poem.172951.txt,0.12903,0.01143,0.00000,3.49524,0.00000,0.00000,4.68429
poem.172952.txt,0.03233,0.00370,0.00000,10.10476,0.00000,0.00000,17.83000
poem.172963.txt,0.14192,0.00585,0.00000,31.38000,0.00000,0.00049,37.79095
poem.172965.txt,0.06217,0.00000,0.00000,3.50667,0.00000,0.02667,7.87000
poem.172967.txt,0.05273,0.00000,0.00000,5.80000,0.00000,0.00000,0.00000
poem.172969.txt,0.16745,0.00000,0.00000,15.49571,0.00000,0.00034,11.16667
poem.172970.txt,0.03622,0.00417,0.00000,11.06905,0.00000,0.00000,10.98667
poem.172983.txt,0.02400,0.00000,0.00000,6.35000,0.00000,0.00000,4.01556
poem.172984.txt,0.06376,0.01653,0.00000,64.02556,0.00000,0.00086,123.99532
poem.172985.txt,0.07756,0.00000,0.00000,46.07889,0.00000,0.00000,12.36333
poem.172986.txt,0.09572,0.00000,0.00000,39.78667,0.00000,0.00022,11.09000
poem.172989.txt,0.12389,0.14286,0.00000,7.88333,0.00000,0.00000,1.02667
poem.172991.txt,0.11609,0.00000,0.00000,8.22667,0.00000,0.00000,0.46667
poem.172992.txt,0.11182,0.00000,0.00000,7.22667,0.00000,0.00000,0.46667
poem.172993.txt,0.11976,0.00000,0.00000,9.91667,0.00000,0.00000,0.35000
poem.172994.txt,0.07009,0.00000,0.00000,7.26667,0.00000,0.00000,0.00000
poem.172995.txt,0.08831,0.00000,0.00000,6.36000,0.00000,0.00000,1.00000
poem.172996.txt,0.10653,0.01429,0.00000,8.01000,0.00000,0.00000,3.40857
poem.173004.txt,0.01386,0.02270,0.00000,150.58262,0.00000,0.00140,599.94667
poem.173005.txt,0.01527,0.01910,0.00000,127.97833,14.26667,0.00112,1010.65257
poem.173006.txt,0.01637,0.00000,0.00000,9.86048,1.00000,0.00050,8.61714
poem.173007.txt,0.06931,0.01005,0.00000,56.40206,0.00000,0.00031,288.40611
poem.173008.txt,0.01648,0.01052,0.00000,522.31056,14.30000,0.00160,4313.53794
poem.173011.txt,0.02161,0.01212,0.00000,203.05238,10.13333,0.00051,1365.88659
poem.173013.txt,0.01693,0.00318,0.00000,48.33929,0.00000,0.00030,181.88381
poem.173014.txt,0.07485,0.01833,0.00000,3.76095,0.00000,0.00341,2.54667
poem.173019.txt,0.14908,0.00533,0.00000,26.22500,0.00000,0.00042,74.13810
poem.173022.txt,0.07891,0.00000,0.00000,3.04000,0.00000,0.00000,1.28000
poem.173024.txt,0.14857,0.00429,0.00000,15.73286,0.00000,0.00017,49.84222
poem.173025.txt,0.04078,0.00000,0.00000,2.88333,0.00000,0.00000,0.40000
poem.173029.txt,0.02331,0.00571,0.00000,7.94000,0.00000,0.00061,8.58667
poem.173030.txt,0.10298,0.00819,0.00000,9.95333,0.86667,0.00019,22.70222
poem.173031.txt,0.10487,0.00469,0.00000,118.93714,0.00000,0.00053,411.18452
poem.173033.txt,0.18518,0.00444,0.00000,24.95333,0.00000,0.00000,26.83730
poem.173035.txt,0.18800,0.02154,0.00000,35.15071,0.00000,0.00009,43.24786
poem.173042.txt,0.08236,0.00000,0.00000,8.19333,0.00000,0.00768,6.10667
poem.173053.txt,0.04851,0.00189,0.00000,36.17667,0.00000,0.00023,87.43048
poem.173057.txt,0.06118,0.00000,0.00000,32.75000,0.00000,0.00000,0.81667
poem.173062.txt,0.07527,0.00000,0.00000,21.09333,0.00000,0.00035,41.39714
poem.173067.txt,0.01590,0.01042,0.00000,3.94000,0.00000,0.00000,4.35476
poem.173068.txt,0.02008,0.00000,0.00000,2.35000,0.00000,0.00000,1.86667
poem.173069.txt,0.14679,0.00000,0.00000,10.96667,0.00000,0.00141,0.14286
poem.173070.txt,0.06313,0.00875,0.00000,56.85000,0.00000,0.00000,2.14000
poem.173072.txt,0.06125,0.00000,0.00000,10.94833,0.00000,0.00000,27.37429
poem.173073.txt,0.06516,0.00509,0.00000,18.72167,0.00000,0.00053,41.65333
poem.173075.txt,0.09106,0.00000,0.00000,9.84000,0.00000,0.00046,6.64000
poem.173077.txt,0.05175,0.00000,0.00000,4.95667,0.00000,0.00000,3.72667
poem.173081.txt,0.02133,0.03603,0.00000,7.99333,0.00000,0.00046,66.05333
poem.173084.txt,0.05082,0.00117,0.00000,78.27579,0.00000,0.00010,197.46162
poem.173089.txt,0.04179,0.00529,0.00000,778.03130,11.38333,0.00023,4152.80112
poem.173092.txt,0.04464,0.00492,0.00000,99.56643,0.00000,0.00190,134.64833
poem.173097.txt,0.01855,0.02407,0.00000,12.97000,0.00000,0.00000,16.95333
poem.173098.txt,0.12491,0.00272,0.00000,619.42929,4.86667,0.00052,1354.29143
poem.173100.txt,0.08438,0.00000,0.00000,5.85619,0.00000,0.00000,5.12524
poem.173102.txt,0.13654,0.00000,0.00000,5.90000,0.00000,0.00000,5.65333
poem.173124.txt,0.09807,0.01497,0.00000,5.36310,0.00000,0.00439,1.84952
poem.173125.txt,0.13676,0.03333,0.00000,2.27000,0.00000,0.00000,2.22667
poem.173128.txt,0.16303,0.00000,0.00000,2.21000,0.86667,0.00000,1.15000
poem.173135.txt,0.09951,0.00000,0.00000,1.90667,0.00000,0.00000,3.75000
poem.173136.txt,0.18358,0.00000,0.00000,5.31667,0.00000,0.00000,10.40000
poem.173137.txt,0.13111,0.00972,0.00000,5.75833,0.00000,0.00000,1.23333
poem.173138.txt,0.14130,0.01133,0.00000,17.62095,0.00000,0.00051,23.47143
poem.173139.txt,0.03414,0.00000,0.00000,6.01429,0.00000,0.00000,0.19860
poem.173140.txt,0.03848,0.00507,0.00000,61.71667,0.00000,0.00000,43.83762
poem.173145.txt,0.02452,0.12000,0.00000,2.06667,0.00000,0.00000,1.07000
poem.173146.txt,0.07535,0.25800,0.00000,16.38333,0.00000,0.00136,10.33333
poem.173163.txt,0.19350,0.00000,0.00000,18.65333,0.00000,0.00164,1.86667
poem.173165.txt,0.02112,0.02333,0.00000,947.38456,5.28333,0.00038,3057.68090
poem.173176.txt,0.06466,0.00000,0.00000,3.16667,0.00000,0.00000,1.48667
poem.173193.txt,0.01074,0.00000,0.00000,3.91667,0.00000,0.00021,2.71667
poem.173194.txt,0.01104,0.00000,0.00000,23.16667,0.00000,0.00053,6.55000
poem.173198.txt,0.07038,0.00556,0.00000,38.02333,0.00000,0.00026,9.78000
poem.173199.txt,0.20625,0.00833,0.00000,8.97667,0.00000,0.00000,12.55333
poem.173202.txt,0.17433,0.00000,0.00000,3.24000,0.00000,0.00000,1.53667
poem.173203.txt,0.02530,0.00000,0.00000,17.75333,0.00000,0.01589,2.79333
poem.173205.txt,0.12638,0.00000,0.00000,9.68333,1.00000,0.00000,2.79762
poem.173206.txt,0.17008,0.02917,0.00000,9.58000,0.00000,0.00114,14.47000
poem.173207.txt,0.18681,0.00000,0.00000,10.98000,0.00000,0.00000,1.63000
poem.173208.txt,0.03348,0.00686,0.00000,144.53310,0.00000,0.00275,603.61931
poem.173209.txt,0.04684,0.01714,0.00000,3.90667,0.00000,0.00897,1.30667
poem.173215.txt,0.02904,0.02083,0.00000,5.81857,0.00000,0.00000,0.61333
poem.173227.txt,0.08664,0.00741,0.00000,1861.03381,17.18333,0.00055,3633.31453
poem.173228.txt,0.13581,0.02188,0.00000,12.58000,0.00000,0.00065,13.20000
poem.173232.txt,0.00000,0.00000,0.00000,0.00000,0.00000,0.00000,0.00000
poem.173233.txt,0.07778,0.00000,0.00000,0.46667,0.00000,0.00000,0.00000
poem.173235.txt,0.00333,0.05000,0.00000,0.00000,0.00000,0.00000,0.45000
poem.173236.txt,0.05157,0.00000,0.00000,0.36667,0.00000,0.00000,1.34667
poem.173237.txt,0.18333,0.00000,0.00000,1.46667,0.00000,0.00000,0.00000
poem.173245.txt,0.00951,0.01474,0.00000,0.00000,0.00000,0.00000,1.68952
poem.173246.txt,0.13419,0.00000,0.00000,3.04667,0.00000,0.00000,0.46667
poem.173251.txt,0.09904,0.00538,0.00000,16.01333,0.90000,0.00029,17.12833
poem.173253.txt,0.02902,0.03603,0.00000,1341.49603,58.06667,0.00032,3478.55098
poem.173256.txt,0.04943,0.00952,0.00000,12.88881,0.00000,0.00000,16.78000
poem.173258.txt,0.05541,0.00901,0.00000,138.85690,0.86667,0.00041,459.32690
poem.173283.txt,0.07673,0.00000,0.00000,21.49190,0.00000,0.00039,33.05905
poem.173287.txt,0.13178,0.00231,0.00000,77.12833,0.00000,0.00291,135.10421
poem.173289.txt,0.03365,0.04167,0.00000,3.24762,0.00000,0.00000,9.11048
poem.173290.txt,0.09509,0.00952,0.00000,5.61667,0.00000,0.00000,0.73333
poem.173292.txt,0.03271,0.01139,0.00000,9.90667,0.00000,0.00036,149.48667
poem.173294.txt,0.01965,0.01049,0.00000,8.88571,0.86667,0.00049,52.62556
poem.173295.txt,0.02420,0.00824,0.00000,6.73000,0.00000,0.00059,91.11714
poem.173297.txt,0.14806,0.00858,0.00000,546.34801,10.73333,0.00062,1145.25554
poem.173304.txt,0.01756,0.00000,0.00000,0.00000,0.00000,0.00000,3.84333
poem.173305.txt,0.00000,0.00000,0.00000,0.00000,0.00000,0.00000,0.00000
poem.173307.txt,0.50833,0.00000,0.00000,1.28333,0.00000,0.00000,1.76667
poem.173308.txt,0.14667,0.00000,0.00000,1.46667,0.00000,0.00000,0.00000
poem.173309.txt,0.38333,0.00000,0.00000,1.30000,0.00000,0.00000,1.00000
poem.173313.txt,0.13025,0.00394,0.00000,184.95381,0.90000,0.00101,256.27593
poem.173315.txt,0.11930,0.00000,0.00000,4.58333,0.00000,0.00000,1.38333
poem.173316.txt,0.15167,0.00000,0.00000,1.51667,0.00000,0.00000,0.00000
poem.173326.txt,0.03729,0.00000,0.00000,3.31667,0.00000,0.01923,0.00000
poem.173327.txt,0.04271,0.00000,0.00000,2.91333,0.00000,0.00000,1.00000
poem.173329.txt,0.04603,0.00000,0.00000,3.08095,0.00000,0.00000,0.35000
poem.173337.txt,0.10184,0.00000,0.00000,13.31333,0.00000,0.00102,30.78992
poem.173340.txt,0.00794,0.00000,0.00000,0.00000,0.00000,0.00000,0.33333
poem.173351.txt,0.07250,0.00000,0.00000,0.90000,0.00000,0.00000,0.00000
poem.173352.txt,0.11641,0.00857,0.00000,16.86667,0.00000,0.00051,20.46238
poem.173353.txt,0.14411,0.01733,0.00000,33.20667,0.00000,0.00023,41.82667
poem.173355.txt,0.01714,0.00852,0.00000,31.52333,0.00000,0.00023,45.19159
poem.173358.txt,0.01765,0.00000,0.00000,4.69762,0.00000,0.00085,4.23175
poem.173360.txt,0.08998,0.04762,0.00000,4.95833,0.00000,0.00197,5.15167
poem.173364.txt,0.15841,0.00000,0.00000,5.74833,0.00000,0.00000,1.22167
poem.173365.txt,0.15512,0.01667,0.00000,7.25667,0.00000,0.00000,1.89143
poem.173366.txt,0.16378,0.02500,0.00000,4.60000,0.00000,0.00000,6.21667
poem.173368.txt,0.14286,0.02500,0.00000,7.08000,0.00000,0.00000,3.49000
poem.173369.txt,0.12222,0.00000,0.00000,3.91667,0.90000,0.00000,5.50000
poem.173372.txt,0.14213,0.04444,0.00000,14.12333,0.00000,0.00000,5.23444
poem.173373.txt,0.00000,0.00000,0.00000,0.55000,0.00000,0.00000,0.00000
poem.173374.txt,0.11911,0.00440,0.00000,10.46000,0.00000,0.00071,1.93905
poem.173377.txt,0.06841,0.03030,0.00000,12.65333,0.00000,0.00151,20.89000
poem.173380.txt,0.12966,0.00000,0.00000,12.47667,0.00000,0.00043,6.43333
poem.173384.txt,0.05315,0.01375,0.00000,26.49952,0.00000,0.00000,6.45000
poem.173385.txt,0.04098,0.02333,0.00000,8.19667,0.00000,0.00246,5.30786
poem.173386.txt,0.09018,0.00000,0.00000,7.31190,0.00000,0.00190,1.93333
poem.173387.txt,0.02246,0.00556,0.00000,13.25667,0.00000,0.00000,13.66603
poem.173388.txt,0.12282,0.01235,0.00000,9.28333,0.00000,0.00066,11.08333
poem.173390.txt,0.03769,0.01220,0.00000,5.10000,0.00000,0.00114,90.64209
poem.173400.txt,0.01633,0.00254,0.00000,0.60000,0.00000,0.00205,26.76310
poem.173406.txt,0.02179,0.00145,0.00000,5.42333,0.00000,0.00019,67.58302
poem.173408.txt,0.01529,0.00736,0.00000,3.15500,0.00000,0.00056,56.93464
poem.173419.txt,0.07892,0.00000,0.00000,4.26222,0.00000,0.00000,3.80000
poem.173420.txt,0.03363,0.00000,0.00000,2.16190,0.00000,0.00000,1.88476
poem.173426.txt,0.04352,0.01190,0.00000,23.75333,0.90000,0.00040,20.55000
poem.173440.txt,0.08061,0.00000,0.00000,2.88000,0.00000,0.00000,0.20000
poem.173441.txt,0.09118,0.00000,0.00000,6.10952,0.00000,0.00000,2.97143
poem.173445.txt,0.14312,0.01019,0.00000,202.74063,0.86667,0.00149,426.78757
poem.173449.txt,0.06369,0.02817,0.00000,30.87762,0.00000,0.00072,19.89325
poem.173450.txt,0.13004,0.00000,0.00000,9.54286,0.00000,0.00000,0.00000
poem.173452.txt,0.12002,0.00148,0.00000,19.73429,0.00000,0.00069,46.90889
poem.173454.txt,0.11188,0.01439,0.00000,143.60524,0.00000,0.00190,411.54111
poem.173458.txt,0.15402,0.00000,0.00000,2.83333,0.00000,0.00390,0.87500
poem.173460.txt,0.02152,0.00000,0.00000,4.91333,0.00000,0.00000,7.26270
poem.173461.txt,0.03959,0.00000,0.00000,10.70000,0.00000,0.00065,13.75000
poem.173462.txt,0.05599,0.00000,0.00000,6.66667,0.00000,0.00000,0.00000
poem.173463.txt,0.02097,0.00000,0.00000,24.54524,0.00000,0.00152,6.53905
poem.173466.txt,0.04635,0.00000,0.00000,8.66667,0.00000,0.00000,1.06667
poem.173467.txt,0.17997,0.00000,0.00000,14.23333,0.00000,0.00000,2.70833
poem.173475.txt,0.00000,0.10000,0.00000,0.00000,0.00000,0.00000,0.10000
poem.173476.txt,0.08105,0.02664,0.00000,88.84167,0.00000,0.00029,144.39222
poem.173477.txt,0.04917,0.03291,0.00000,54.35333,0.00000,0.00064,138.59362
poem.173478.txt,0.06865,0.00231,0.00000,18.60429,0.00000,0.00011,34.67821
poem.173479.txt,0.02592,0.00000,0.00000,6.30667,0.90000,0.00047,40.28976
poem.173481.txt,0.24653,0.00000,0.00000,2.66667,0.00000,0.00000,6.28333
poem.173507.txt,0.16078,0.00000,0.00000,12.18000,0.00000,0.00151,12.53500
poem.173521.txt,0.32672,0.00000,0.00000,34.38333,0.00000,0.00000,0.00000
poem.173528.txt,0.01319,0.00000,0.00000,0.00000,0.00000,0.00495,1.30000
poem.173529.txt,0.15886,0.00828,0.00000,10.26667,0.00000,0.00000,4.65333
poem.173535.txt,0.13632,0.00000,0.00000,6.93303,0.00000,0.00000,0.00000
poem.173536.txt,0.08564,0.00000,0.00000,8.93333,0.00000,0.00000,0.48929
poem.173537.txt,0.01676,0.00690,0.00000,13.51667,0.00000,0.00052,92.79071
poem.173540.txt,0.15898,0.00000,0.00000,14.54667,0.00000,0.00000,20.07667
poem.173541.txt,0.01607,0.00000,0.00000,2.00333,0.00000,0.00632,10.75214
poem.173546.txt,0.05931,0.00000,0.00000,9.86000,0.00000,0.00000,8.45667
poem.173557.txt,0.15813,0.00403,0.00000,1118.64317,11.26667,0.00082,2206.10000
poem.173566.txt,0.06107,0.00160,0.00000,43.15333,0.00000,0.00018,89.03167
poem.173567.txt,0.13601,0.00476,0.00000,16.45524,0.00000,0.00046,49.22524
poem.173570.txt,0.08684,0.00000,0.00000,3.04762,0.00000,0.00000,9.33333
poem.173578.txt,0.14461,0.00625,0.00000,9.75000,0.00000,0.00118,9.90000
poem.173581.txt,0.20018,0.00000,0.00000,12.14000,0.00000,0.00369,24.86667
poem.173582.txt,0.16770,0.01458,0.00000,7.18000,0.00000,0.00000,6.22667
poem.173583.txt,0.06785,0.00000,0.00000,16.44000,0.00000,0.00099,1.56000
poem.173584.txt,0.18987,0.00000,0.00000,13.30333,0.00000,0.00157,13.90000
poem.173585.txt,0.01571,0.00000,0.00000,12.72857,0.00000,0.00127,10.54762
poem.173591.txt,0.01316,0.01000,0.00000,5.29333,0.00000,0.00025,14.61619
poem.173593.txt,0.06399,0.00000,0.00000,3.84286,0.00000,0.00136,5.65385
poem.173594.txt,0.01522,0.00000,0.00000,3.07333,0.00000,0.00000,2.13333
poem.173597.txt,0.12686,0.00000,0.00000,13.13333,0.00000,0.00000,1.05889
poem.173598.txt,0.10691,0.00000,0.00000,7.54000,0.00000,0.00000,3.59167
poem.173614.txt,0.07290,0.00000,0.00000,2.14000,0.00000,0.00175,11.06000
poem.173621.txt,0.06401,0.00000,0.00000,35.33333,0.00000,0.00000,0.00000
poem.173624.txt,0.08095,0.00000,0.00000,6.88333,0.00000,0.00000,7.82190
poem.173626.txt,0.02130,0.00000,0.00000,6.21000,0.00000,0.00455,1.07381
poem.173627.txt,0.03064,0.00000,0.00000,4.45667,0.00000,0.00000,7.54667
poem.173628.txt,0.05993,0.00000,0.00000,3.74905,0.00000,0.00000,0.43333
poem.173631.txt,0.07083,0.00000,0.00000,4.21667,0.00000,0.00000,0.83333
poem.173632.txt,0.01268,0.06667,0.00000,2.05000,0.00000,0.00000,1.20000
poem.173634.txt,0.04358,0.00000,0.00000,22.75238,0.00000,0.00048,11.88365
poem.173635.txt,0.03145,0.06200,0.00000,7.58667,0.00000,0.00877,3.41000
poem.173640.txt,0.04838,0.00000,0.00000,9.57333,0.00000,0.00000,0.58667
poem.173641.txt,0.20000,0.00000,0.00000,1.20000,0.00000,0.00000,0.00000
poem.173644.txt,0.21758,0.00000,0.00000,21.32333,0.00000,0.00000,15.25667
poem.173645.txt,0.07809,0.00228,0.00000,53.23024,0.00000,0.00020,59.98524
poem.173647.txt,0.09784,0.00254,0.00000,135.67262,0.00000,0.00050,241.89595
poem.173648.txt,0.12156,0.00000,0.00000,20.32000,0.86667,0.00055,25.59667
poem.173650.txt,0.03205,0.00000,0.00000,5.35119,0.00000,0.00234,5.60857
poem.173655.txt,0.07918,0.12000,0.00000,10.25000,0.00000,0.00694,8.08333
poem.173657.txt,0.13547,0.00000,0.00000,11.21667,0.00000,0.00000,0.00000
poem.173658.txt,0.10369,0.00000,0.00000,7.99206,0.00000,0.00000,0.91667
poem.173659.txt,0.10328,0.00000,0.00000,6.67222,0.00000,0.00366,0.92727
poem.173660.txt,0.13825,0.07143,0.00000,11.65000,0.00000,0.00000,0.00000
poem.173661.txt,0.14107,0.00000,0.00000,9.85667,0.00000,0.00000,0.00000
poem.173662.txt,0.09426,0.02708,0.00000,13.41000,0.00000,0.00184,2.26667
poem.173664.txt,0.07185,0.01636,0.00000,6.46667,0.00000,0.00000,0.18000
poem.173665.txt,0.11428,0.04375,0.00000,4.54833,0.00000,0.00000,1.26000
poem.173666.txt,0.20017,0.04286,0.00000,8.11667,0.00000,0.00000,5.62667
poem.173667.txt,0.15173,0.01556,0.00000,7.52714,0.00000,0.00000,4.84000
poem.173669.txt,0.11227,0.01714,0.00000,8.77286,0.00000,0.00000,1.90714
poem.173675.txt,0.02864,0.03125,0.00000,10.98500,0.00000,0.00054,16.64667
poem.173676.txt,0.12803,0.00000,0.00000,2.81667,0.00000,0.00000,0.00000
poem.173681.txt,0.03437,0.00000,0.00000,4.15000,0.00000,0.00238,3.06667
poem.173685.txt,0.15820,0.02333,0.00000,8.58333,0.00000,0.00000,0.46667
poem.173686.txt,0.02100,0.00000,0.00000,2.50095,0.00000,0.00000,2.52571
poem.173688.txt,0.02362,0.00000,0.00000,8.32444,0.00000,0.00000,24.97683
poem.173693.txt,0.03370,0.00000,0.00000,0.00000,0.00000,0.00000,0.96667
poem.173697.txt,0.05590,0.00000,0.00000,1.30000,0.00000,0.00000,0.11429
poem.173698.txt,0.19718,0.02074,0.00000,5.76667,0.00000,0.00000,4.23333
poem.173715.txt,0.09545,0.00000,0.00000,8.82667,0.00000,0.00205,4.63000
poem.173716.txt,0.09563,0.00000,0.00000,10.08095,0.00000,0.00000,2.70000
poem.173718.txt,0.01858,0.00000,0.00000,4.83556,0.00000,0.00000,5.42000
poem.173719.txt,0.14508,0.01389,0.00000,3.01667,0.00000,0.00000,0.34167
poem.173720.txt,0.13303,0.00000,0.00000,3.43333,0.00000,0.00000,0.26667
poem.173721.txt,0.15963,0.00000,0.00000,2.40667,0.00000,0.00000,0.46667
poem.173722.txt,0.14262,0.03125,0.00000,5.05000,0.00000,0.00000,0.50000
poem.173724.txt,0.09100,0.00000,0.00000,11.50333,0.00000,0.00000,12.61889
poem.173729.txt,0.04240,0.00000,0.00000,8.90333,0.00000,0.02286,0.00000
poem.173731.txt,0.14558,0.00667,0.00000,29.57889,0.00000,0.00042,72.37273
poem.173734.txt,0.14453,0.01729,0.00000,21.69333,0.00000,0.00013,39.51262
poem.173738.txt,0.02022,0.01322,0.00000,130.26810,2.86667,0.00150,1419.93922
poem.173741.txt,0.18458,0.00000,0.00000,8.05667,0.00000,0.00000,25.94667
poem.173742.txt,0.00882,0.00467,0.00000,6.89333,0.00000,0.00021,14.08476
poem.173743.txt,0.02762,0.00000,0.00000,6.75429,0.00000,0.00062,6.57143
poem.173749.txt,0.02681,0.00000,0.00000,9.89778,0.00000,0.00043,8.72333
poem.173750.txt,0.01966,0.00000,0.00000,1.54444,0.00000,0.00000,1.52262
poem.173751.txt,0.08916,0.00000,0.00000,7.53571,0.00000,0.00000,2.05238
poem.173752.txt,0.08787,0.00000,0.00000,4.76333,0.00000,0.00000,4.24381
poem.173760.txt,0.02799,0.00000,0.00000,8.61667,0.00000,0.00051,15.47048
poem.173761.txt,0.17648,0.01250,0.00000,4.90667,0.00000,0.00357,2.91333
poem.173785.txt,0.12643,0.00873,0.00000,18.77190,0.00000,0.00643,21.03429
poem.173786.txt,0.04500,0.00000,0.00000,0.46667,0.00000,0.00000,1.41667
poem.173788.txt,0.10748,0.00000,0.00000,5.93333,0.00000,0.00000,0.20000
poem.173822.txt,0.01666,0.00714,0.00000,13.16667,0.00000,0.00000,6.91317
poem.173825.txt,0.13444,0.00000,0.00000,0.80667,0.00000,0.00000,0.00000
poem.173826.txt,0.11700,0.00000,0.00000,1.35000,0.00000,0.00000,0.12000
poem.173828.txt,0.01599,0.00806,0.00000,2.35833,0.00000,0.00000,39.73277
poem.173829.txt,0.15460,0.00000,0.00000,3.78889,0.00000,0.00000,7.30556
poem.173831.txt,0.05016,0.00000,0.00000,2.10667,0.00000,0.00000,0.00000
poem.173834.txt,0.16542,0.01731,0.00000,7.15000,0.00000,0.00000,6.20333
poem.173835.txt,0.02041,0.00000,0.00000,0.00000,0.00000,0.00000,1.98333
poem.173846.txt,0.16136,0.00000,0.00000,3.55000,0.00000,0.00000,0.00000
poem.173873.txt,0.00000,0.18333,0.00000,0.73333,0.00000,0.00000,0.00000
poem.173874.txt,0.17143,0.18333,0.00000,1.76190,0.00000,0.00000,0.00000
poem.173875.txt,0.24444,0.11667,0.00000,1.93333,0.00000,0.00000,0.00000
poem.173886.txt,0.01736,0.00000,0.00000,1.35000,0.00000,0.01558,0.56000
poem.173889.txt,0.14318,0.00000,0.00000,5.01333,0.00000,0.00847,2.09000
poem.173890.txt,0.13409,0.00000,0.00000,3.91000,0.00000,0.00000,0.00000
poem.173892.txt,0.12097,0.01357,0.00000,584.99857,5.20000,0.00238,1541.28619
poem.173893.txt,0.13697,0.00000,0.00000,8.51667,0.00000,0.00000,2.10000
poem.173898.txt,0.03387,0.03653,0.00000,22.08476,0.00000,0.00019,37.36619
poem.173900.txt,0.03244,0.00000,0.00000,21.58048,0.00000,0.00133,34.25984
poem.173901.txt,0.13152,0.00000,0.00000,9.46667,0.00000,0.00000,0.80000
poem.173902.txt,0.04104,0.00972,0.00000,17.36879,0.00000,0.00015,31.19985
poem.173903.txt,0.11155,0.00724,0.00000,114.84667,0.85000,0.00068,184.52373
poem.173904.txt,0.11874,0.00000,0.00000,8.69000,0.00000,0.00000,0.00000
poem.173905.txt,0.14520,0.01645,0.00000,277.51659,1.73333,0.00039,1038.44754
poem.173907.txt,0.09341,0.00000,0.00000,5.16667,0.00000,0.00000,1.86389
poem.173910.txt,0.01006,0.01892,0.00000,7.56286,0.00000,0.00463,5.81762
poem.173912.txt,0.08214,0.00000,0.00000,6.80143,0.00000,0.00427,0.00000
poem.173913.txt,0.02570,0.08775,0.00000,14.34667,0.00000,0.00033,30.12111
poem.173914.txt,0.14580,0.00141,0.00000,107.03227,0.90000,0.00038,283.35622
poem.173916.txt,0.19500,0.00000,0.00000,0.73333,0.00000,0.00000,1.64000
poem.173917.txt,0.31821,0.04267,0.00000,20.36000,0.00000,0.00000,7.12000
poem.173918.txt,0.12573,0.01500,0.00000,4.31667,0.00000,0.00000,0.82667
poem.173920.txt,0.01596,0.00750,0.00000,45.51429,2.70000,0.00065,46.64230
poem.173922.txt,0.11860,0.01667,0.00000,10.07000,0.00000,0.00000,5.21333
poem.173924.txt,0.04000,0.00000,0.00000,2.90000,0.00000,0.00000,1.50000
poem.173940.txt,0.12388,0.00579,0.00000,88.10159,1.73333,0.00112,382.71921
poem.173944.txt,0.10185,0.01204,0.00000,6.10000,0.00000,0.00000,12.20000
poem.173945.txt,0.01285,0.01563,0.00000,6.99000,0.00000,0.00029,5.45619
poem.173946.txt,0.15759,0.00985,0.00000,17.67571,0.00000,0.00698,16.88429
poem.173947.txt,0.05213,0.00000,0.00000,4.10667,0.00000,0.00000,1.74238
poem.173948.txt,0.17073,0.01375,0.00000,31.82333,0.00000,0.00103,90.75524
poem.173949.txt,0.13345,0.00389,0.00000,49.49833,2.61667,0.00289,162.73532
poem.173950.txt,0.14723,0.00000,0.00000,10.97476,0.00000,0.00113,18.53381
poem.173951.txt,0.06601,0.00000,0.00000,1.90476,0.00000,0.00000,4.35714
poem.173952.txt,0.16220,0.00000,0.00000,21.54667,0.00000,0.00000,3.86333
poem.173953.txt,0.14364,0.00697,0.00000,78.18524,0.00000,0.00128,133.09310
poem.173954.txt,0.15149,0.01812,0.00000,13.63111,0.00000,0.00040,17.00556
poem.173956.txt,0.06865,0.00000,0.00000,6.84333,0.00000,0.00294,0.00000
poem.173957.txt,0.07404,0.02500,0.00000,3.33333,0.00000,0.00000,4.81667
poem.173959.txt,0.07961,0.00000,0.00000,6.94476,0.00000,0.00245,4.35048
poem.173961.txt,0.11367,0.00000,0.00000,5.83000,0.00000,0.00000,2.20000
poem.173962.txt,0.13444,0.06250,0.00000,3.11032,0.00000,0.00000,2.13968
poem.173963.txt,0.10162,0.02500,0.00000,2.48833,0.00000,0.00000,6.05667
poem.173968.txt,0.07431,0.00442,0.00000,60.13429,0.86667,0.00059,54.67000
poem.173974.txt,0.07916,0.00000,0.00000,3.75667,0.00000,0.00000,1.46667
poem.173975.txt,0.07162,0.00000,0.00000,3.20429,0.00000,0.00238,3.05000
poem.173976.txt,0.07416,0.01500,0.00000,4.27333,0.00000,0.00238,0.24000
poem.173979.txt,0.11476,0.00000,0.00000,3.88667,0.00000,0.00000,0.00000
poem.173983.txt,0.03036,0.00000,0.00000,2.87333,0.00000,0.00000,0.46667
poem.173984.txt,0.03038,0.01000,0.00000,3.05667,0.00000,0.00175,3.80000
poem.173985.txt,0.02208,0.03889,0.00000,7.25000,0.00000,0.00000,4.85333
poem.173988.txt,0.03957,0.00000,0.00000,25.95778,0.00000,0.00035,23.54111
poem.173989.txt,0.18532,0.00000,0.00000,2.28333,0.00000,0.00000,0.66667
poem.173991.txt,0.09696,0.00000,0.00000,16.06333,0.00000,0.00000,0.00000
poem.173993.txt,0.23106,0.00000,0.00000,9.03333,0.00000,0.00000,6.85000
poem.173994.txt,0.00796,0.00000,0.00000,0.55000,0.00000,0.00000,1.36000
poem.173995.txt,0.15253,0.00692,0.00000,15.56000,0.00000,0.00047,35.14746
poem.173998.txt,0.12405,0.00663,0.00000,98.88738,0.00000,0.00068,237.33500
poem.174013.txt,0.12412,0.00000,0.00000,9.28000,0.00000,0.00275,2.42000
poem.174016.txt,0.18651,0.02143,0.00000,8.57000,0.00000,0.00385,9.95857
poem.174017.txt,0.11199,0.02222,0.00000,7.75667,0.00000,0.00000,2.41667
poem.174026.txt,0.02158,0.00000,0.00000,4.93333,0.00000,0.00000,7.41667
poem.174027.txt,0.14081,0.00000,0.00000,13.75190,0.00000,0.00082,23.85000
poem.174028.txt,0.15270,0.02190,0.00000,27.26214,0.00000,0.00032,61.05119
poem.174031.txt,0.13922,0.01407,0.00000,63.06238,0.00000,0.00146,165.77841
poem.174032.txt,0.15030,0.00000,0.00000,118.99571,0.00000,0.00066,96.94619
poem.174047.txt,0.06275,0.00000,0.00000,15.39762,0.90000,0.00022,17.45571
poem.174048.txt,0.07235,0.02238,0.00000,10.18333,0.00000,0.00000,5.73500
poem.174049.txt,0.10954,0.00000,0.00000,10.69667,0.00000,0.00000,6.09762
poem.174083.txt,0.17910,0.32359,0.00000,8.99000,0.00000,0.00000,1.28333
poem.174096.txt,0.10494,0.00000,0.00000,1.88889,0.00000,0.00000,0.00000
poem.174097.txt,0.01418,0.00000,0.00000,3.64000,0.00000,0.00000,3.53333
poem.174107.txt,0.15683,0.00778,0.00000,55.86857,0.00000,0.00299,104.67048
poem.174113.txt,0.05536,0.00000,0.00000,3.08000,0.00000,0.00000,3.01000
poem.174115.txt,0.02683,0.05500,0.00000,4.60571,0.00000,0.00000,10.57190
poem.174127.txt,0.02192,0.00000,0.00000,5.91667,0.00000,0.00679,4.56706
poem.174134.txt,0.03982,0.00000,0.00000,2.50000,0.00000,0.00000,1.88000
poem.174139.txt,0.05599,0.00000,0.00000,5.03667,0.00000,0.00000,4.40667
poem.174141.txt,0.02864,0.00000,0.00000,3.15000,0.00000,0.00000,0.00000
poem.174143.txt,0.02825,0.00000,0.00000,11.11333,0.86667,0.00148,2.31333
poem.174148.txt,0.01718,0.00839,0.00000,18.00000,0.00000,0.00033,137.39175
poem.174153.txt,0.01621,0.00000,0.00000,39.45238,0.00000,0.00013,81.76955
poem.174155.txt,0.02915,0.00000,0.00000,85.64000,0.00000,0.00086,107.13619
poem.174157.txt,0.12729,0.00537,0.00000,42.98667,0.90000,0.00057,40.93000
poem.174158.txt,0.13489,0.01230,0.00000,558.46143,24.01667,0.00069,1580.75095
poem.174164.txt,0.13189,0.00982,0.00000,148.62208,2.63333,0.00034,340.95162
poem.174166.txt,0.14117,0.00926,0.00000,301.68905,0.86667,0.00183,942.97913
poem.174176.txt,0.15280,0.01672,0.00000,177.75238,0.00000,0.00088,274.96452
poem.174178.txt,0.32407,0.06000,0.00000,13.33333,0.00000,0.00000,0.60000
poem.174182.txt,0.02449,0.00444,0.00000,2.56667,0.00000,0.00304,6.70833
poem.174204.txt,0.04200,0.01606,0.00000,9.02667,0.00000,0.00024,15.58619
poem.174205.txt,0.15984,0.01167,0.00000,5.37429,0.00000,0.00000,8.04000
poem.174206.txt,0.10999,0.00613,0.00000,17.82952,0.90000,0.00077,25.20460
poem.174216.txt,0.17949,0.00000,0.00000,5.96667,0.00000,0.00000,3.95000
poem.174217.txt,0.10172,0.03704,0.00000,5.41667,0.00000,0.00000,1.33333
poem.174219.txt,0.12039,0.00000,0.00000,21.37333,0.86667,0.00085,10.25238
poem.174220.txt,0.13248,0.01111,0.00000,40.77778,0.00000,0.00852,21.89333
poem.174221.txt,0.18258,0.00141,0.00000,163.71468,0.90000,0.00004,165.89770
poem.174241.txt,0.01886,0.02476,0.00000,100.00652,19.93333,0.00030,1481.02066
poem.174244.txt,0.04806,0.04375,0.00000,6.51714,0.00000,0.00000,19.91548
poem.174246.txt,0.01774,0.01082,0.00000,25.08063,0.00000,0.00412,336.36720
poem.174248.txt,0.03325,0.01250,0.00000,5.06667,0.00000,0.00000,2.11667
poem.174252.txt,0.16333,0.04197,0.00000,9.50452,0.00000,0.00000,47.22556
poem.174255.txt,0.01652,0.03448,0.00000,0.33333,0.00000,0.00066,8.15500
poem.174258.txt,0.02670,0.00000,0.00000,4.80714,0.00000,0.00000,0.80000
poem.174259.txt,0.08682,0.00000,0.00000,5.65000,0.00000,0.00000,1.71714
poem.174260.txt,0.03484,0.00000,0.00000,4.73333,0.00000,0.00000,2.58333
poem.174261.txt,0.14649,0.03125,0.00000,12.79667,0.00000,0.00152,6.93667
poem.174262.txt,0.07566,0.02350,0.00000,619.59950,16.10000,0.00119,2734.53921
poem.174275.txt,0.06784,0.01667,0.00000,3.00000,0.00000,0.00256,1.06667
poem.174276.txt,0.15171,0.00000,0.00000,8.66667,0.00000,0.00000,0.00000
poem.174277.txt,0.07089,0.00000,0.00000,3.85000,0.00000,0.00000,0.47500
poem.174278.txt,0.10489,0.00000,0.00000,5.26333,0.00000,0.00000,0.27500
poem.174279.txt,0.08100,0.00000,0.00000,5.11000,0.00000,0.00000,0.86000
poem.174282.txt,0.08620,0.00000,0.00000,6.76000,0.00000,0.00000,0.52000
poem.174286.txt,0.04871,0.00167,0.00000,136.05143,0.90000,0.00071,131.37390
poem.174287.txt,0.03190,0.00000,0.00000,1.56000,0.00000,0.00000,1.79167
poem.174288.txt,0.08896,0.00400,0.00000,26.90524,0.00000,0.00022,39.02429
poem.174289.txt,0.05499,0.00123,0.00000,36.59619,0.00000,0.00192,134.98476
poem.174292.txt,0.12852,0.00000,0.00000,18.55000,0.00000,0.00000,0.00000
poem.174295.txt,0.05500,0.00000,0.00000,0.00000,0.00000,0.00000,1.68000
poem.174297.txt,0.00000,0.00000,0.00000,0.00000,0.00000,0.00000,0.00000
poem.174302.txt,0.01917,0.00000,0.00000,0.73333,0.00000,0.00392,1.10556
poem.174344.txt,0.05836,0.00000,0.00000,10.70000,0.00000,0.00000,3.82857
poem.174348.txt,0.11351,0.01456,0.00000,36.74667,0.00000,0.00018,27.26000
poem.174349.txt,0.16350,0.00948,0.00000,56.55667,0.00000,0.00044,13.65000
poem.174351.txt,0.02122,0.02778,0.00000,31.68333,0.00000,0.00106,38.10429
poem.174352.txt,0.12730,0.00418,0.00000,25.76889,0.86667,0.00007,57.27532
poem.174353.txt,0.04786,0.05000,0.00000,3.60000,0.00000,0.00000,1.06667
poem.174358.txt,0.07972,0.00000,0.00000,2.45333,0.00000,0.00000,4.38333
poem.174360.txt,0.02840,0.00000,0.00000,2.79762,0.00000,0.00192,1.63333
poem.174361.txt,0.08053,0.00000,0.00000,4.18333,0.00000,0.00000,1.62857
poem.174362.txt,0.05653,0.00000,0.00000,2.69476,0.00000,0.00000,3.12429
poem.174363.txt,0.04412,0.00000,0.00000,3.01667,0.00000,0.00000,0.20000
poem.174369.txt,0.03916,0.00000,0.00000,1.75000,0.00000,0.00000,1.60833
poem.174370.txt,0.03485,0.03333,0.00000,1.46984,0.00000,0.00000,3.21111
poem.174374.txt,0.07455,0.01905,0.00000,4.18524,0.00000,0.00000,2.44381
poem.174375.txt,0.04408,0.00000,0.00000,4.32333,0.00000,0.00000,0.72000
poem.174376.txt,0.05763,0.00000,0.00000,3.45333,0.00000,0.00000,1.87000
poem.174378.txt,0.09131,0.01514,0.00000,10.22333,0.00000,0.00000,13.94833
poem.174379.txt,0.06047,0.00817,0.00000,995.17286,7.76667,0.00157,1905.32099
poem.174381.txt,0.12533,0.00000,0.00000,1.25333,0.00000,0.00000,0.00000
poem.174382.txt,0.03000,0.00000,0.00000,0.60000,0.00000,0.00000,0.00000
poem.174383.txt,0.02561,0.01458,0.00000,2.48333,0.00000,0.00545,0.50833
poem.174388.txt,0.06680,0.01429,0.00000,13.70286,0.00000,0.00082,14.62952
poem.174390.txt,0.08767,0.00000,0.00000,34.89222,0.00000,0.00033,51.60381
poem.174391.txt,0.04636,0.00000,0.00000,6.04167,0.00000,0.00237,12.16667
poem.174392.txt,0.11287,0.00620,0.00000,190.29769,12.50000,0.00073,302.68152
poem.174393.txt,0.12981,0.00000,0.00000,6.04667,0.00000,0.00000,0.00000
poem.174395.txt,0.15385,0.00897,0.00000,21.40333,0.00000,0.00000,29.36381
poem.174399.txt,0.15905,0.00000,0.00000,1.93333,0.00000,0.00000,0.88000
poem.174400.txt,0.10721,0.00000,0.00000,11.34333,0.00000,0.00000,0.58333
poem.174402.txt,0.20556,0.00000,0.00000,1.23333,0.00000,0.00000,0.00000
poem.174403.txt,0.03214,0.03385,0.00000,2.75000,0.00000,0.00070,51.28595
poem.174404.txt,0.02475,0.00251,0.00000,14.15833,0.00000,0.00066,62.89635
poem.174405.txt,0.05533,0.00875,0.00000,26.72000,0.00000,0.00000,7.63429
poem.174407.txt,0.10017,0.00978,0.00000,24.60667,0.00000,0.00026,35.21333
poem.174408.txt,0.09653,0.03600,0.00000,2.65000,0.00000,0.01852,0.36000
poem.174412.txt,0.02489,0.00000,0.00000,2.36000,0.00000,0.00000,2.86667
poem.174420.txt,0.11239,0.00000,0.00000,9.80000,0.00000,0.00000,1.73333
poem.174423.txt,0.07618,0.00000,0.00000,8.13333,0.00000,0.00000,0.00000
poem.174424.txt,0.11496,0.05000,0.00000,5.35667,0.00000,0.00000,1.82667
poem.174425.txt,0.09724,0.02143,0.00000,5.83333,0.00000,0.00000,1.88667
poem.174426.txt,0.06827,0.00000,0.00000,6.01667,0.00000,0.00000,1.63333
poem.174428.txt,0.14955,0.00000,0.00000,8.08333,0.00000,0.00000,4.29667
poem.174431.txt,0.05892,0.03316,0.00000,3.70667,0.00000,0.00000,3.19929
poem.174433.txt,0.01528,0.00000,0.00000,26.30333,0.00000,0.00058,2.59873
poem.174434.txt,0.06227,0.01333,0.00000,6.68333,0.00000,0.00000,1.00000
poem.174435.txt,0.08478,0.00437,0.00000,25.88667,0.00000,0.00000,9.35500
poem.174438.txt,0.05853,0.01408,0.00000,58.26000,1.80000,0.00022,37.86333
poem.17444.txt,0.02939,0.00000,0.00000,3.23333,0.00000,0.00758,0.00000
poem.174440.txt,0.01451,0.00000,0.00000,1.51000,0.00000,0.00056,44.65287
poem.174441.txt,0.10134,0.00500,0.00000,31.78619,0.00000,0.00046,108.00310
poem.174443.txt,0.06271,0.00000,0.00000,4.20000,0.00000,0.00000,2.08333
poem.174444.txt,0.03802,0.00000,0.00000,10.83333,0.00000,0.00000,8.40333
poem.174445.txt,0.04731,0.00000,0.00000,34.99667,0.00000,0.00082,44.20587
poem.174446.txt,0.17651,0.00000,0.00000,72.20667,0.00000,0.00032,95.58222
poem.174447.txt,0.05737,0.00000,0.00000,4.85000,0.00000,0.00148,3.68000
poem.174449.txt,0.01513,0.00000,0.00000,15.68000,0.00000,0.00029,9.69000
poem.174451.txt,0.10700,0.00000,0.00000,8.27000,0.00000,0.00000,0.56162
poem.174455.txt,0.13083,0.00000,0.00000,3.96333,0.00000,0.00240,6.65500
poem.174456.txt,0.03816,0.00000,0.00000,2.73000,0.00000,0.00000,0.65556
poem.174458.txt,0.05708,0.00370,0.00000,770.76063,2.66667,0.00086,828.77006
poem.174459.txt,0.04514,0.00531,0.00000,635.06667,8.70000,0.00101,1822.59714
poem.174482.txt,0.01236,0.02619,0.00000,0.68000,0.00000,0.00000,2.86667
poem.174483.txt,0.10481,0.00146,0.00000,39.21000,0.80000,0.00076,61.12143
poem.174484.txt,0.11087,0.00000,0.00000,263.66286,0.00000,0.00263,257.30857
poem.174503.txt,0.01737,0.00000,0.00000,6.66000,0.90000,0.00775,27.71532
poem.174508.txt,0.11949,0.02286,0.00000,4.65000,0.86667,0.00000,3.26000
poem.174512.txt,0.10631,0.00847,0.00000,13.89143,0.00000,0.00077,26.60881
poem.174531.txt,0.02278,0.00000,0.00000,5.20333,0.00000,0.00000,2.58667
poem.174534.txt,0.13171,0.09222,0.00000,2.84762,0.00000,0.00000,1.35667
poem.174536.txt,0.16736,0.00000,0.00000,4.99000,0.00000,0.00000,5.60190
poem.174539.txt,0.14527,0.00231,0.00000,529.49278,5.18333,0.00050,3201.03143
poem.174542.txt,0.08424,0.00320,0.00000,165.79007,0.90000,0.00058,353.12714
poem.174547.txt,0.17528,0.04545,0.00000,8.30000,0.00000,0.00000,3.21667
poem.174550.txt,0.02717,0.00890,0.00000,868.84810,6.86667,0.00134,2446.69802
poem.174551.txt,0.07051,0.01697,0.00000,35.58833,0.00000,0.00076,6.39667
poem.174554.txt,0.01908,0.00375,0.00000,38.68143,2.40000,0.00070,41.64746
poem.174555.txt,0.06957,0.00451,0.00000,48.34492,0.80000,0.00280,106.34357
poem.174556.txt,0.03503,0.01624,0.00000,0.00000,0.00000,0.00066,24.03714
poem.174559.txt,0.17063,0.03130,0.00000,75.20857,0.00000,0.00062,148.41000
poem.174560.txt,0.12075,0.00194,0.00000,486.50667,16.87333,0.00068,561.57397
poem.174565.txt,0.08371,0.00000,0.00000,36.88381,0.00000,0.00044,3.16381
poem.174566.txt,0.01527,0.01750,0.00000,5.35556,0.00000,0.00000,2.79167
poem.174569.txt,0.01677,0.00375,0.00000,0.33333,0.00000,0.00010,57.21452
poem.174571.txt,0.11292,0.00000,0.00000,158.76000,0.00000,0.00000,0.00000
poem.174572.txt,0.05781,0.01591,0.00000,83.04857,0.00000,0.00240,141.16476
poem.174579.txt,0.12357,0.01077,0.00000,4.63333,0.00000,0.00000,12.03952
poem.174583.txt,0.15249,0.00000,0.00000,8.46667,0.00000,0.00000,0.35000
poem.174585.txt,0.02230,0.12500,0.00000,3.81667,0.00000,0.00000,0.86667
poem.174588.txt,0.03051,0.00000,0.00000,6.40667,0.00000,0.00179,0.00000
poem.174589.txt,0.48567,0.00000,0.00000,3.97667,0.00000,0.00000,2.72667
poem.174591.txt,0.01968,0.01283,0.00000,684.85701,24.43333,0.00202,5357.54860
poem.174592.txt,0.02530,0.01686,0.00000,343.97524,8.81667,0.00172,2185.13159
poem.174593.txt,0.17106,0.02500,0.00000,7.97667,0.00000,0.00000,0.30000
poem.174599.txt,0.09091,0.00000,0.00000,3.44000,0.00000,0.00000,0.00000
poem.174603.txt,0.10335,0.00000,0.00000,3.64333,0.00000,0.00000,3.16000
poem.174604.txt,0.06393,0.00833,0.00000,7.39444,0.00000,0.00086,7.15333
poem.174605.txt,0.08803,0.00000,0.00000,3.00333,0.00000,0.00000,0.00000
poem.174606.txt,0.13490,0.00000,0.00000,5.12333,0.00000,0.00000,2.96667
poem.174607.txt,0.08908,0.00000,0.00000,4.48667,0.00000,0.00317,0.00000
poem.174608.txt,0.07857,0.00000,0.00000,3.71429,0.00000,0.00097,4.49048
poem.174609.txt,0.09581,0.00000,0.00000,4.55667,0.00000,0.00000,7.14444
poem.174610.txt,0.13532,0.00000,0.00000,5.01667,0.00000,0.00000,5.34000
poem.174611.txt,0.08861,0.02321,0.00000,7.32333,0.00000,0.00000,11.37333
poem.174612.txt,0.11206,0.00000,0.00000,4.88540,0.00000,0.00000,3.25143
poem.174613.txt,0.09021,0.00000,0.00000,2.71667,0.00000,0.00000,3.22667
poem.174614.txt,0.09738,0.00000,0.00000,6.71667,0.00000,0.00000,2.03333
poem.174615.txt,0.08607,0.00729,0.00000,18.04000,0.00000,0.00044,45.60000
poem.174616.txt,0.11214,0.00000,0.00000,7.00397,0.00000,0.00000,7.90444
poem.174617.txt,0.13908,0.01750,0.00000,6.76667,0.00000,0.00351,6.75000
poem.174618.txt,0.12299,0.01143,0.00000,8.21444,0.00000,0.00199,12.56667
poem.174619.txt,0.12508,0.00000,0.00000,5.03333,0.00000,0.00000,1.63333
poem.174620.txt,0.09649,0.00000,0.00000,8.70667,0.00000,0.00085,3.43000
poem.174621.txt,0.14799,0.02750,0.00000,6.82000,0.00000,0.00000,7.83667
poem.174622.txt,0.10875,0.00333,0.00000,6.76000,0.00000,0.00000,7.48333
poem.174623.txt,0.10650,0.00000,0.00000,2.35000,0.00000,0.00000,2.16500
poem.174625.txt,0.16111,0.00000,0.00000,2.90000,0.00000,0.00000,0.00000
poem.174626.txt,0.11842,0.00886,0.00000,113.18095,0.80000,0.00023,215.65587
poem.174627.txt,0.13168,0.00360,0.00000,121.79833,0.80000,0.00028,176.33873
poem.174629.txt,0.14932,0.00460,0.00000,127.13381,6.30000,0.00063,345.47429
poem.174631.txt,0.09060,0.00887,0.00000,111.62000,0.80000,0.00042,254.65143
poem.174634.txt,0.03286,0.04089,0.00000,57.04333,0.00000,0.00073,88.99333
poem.174641.txt,0.04632,0.00000,0.00000,5.72167,0.00000,0.00000,11.21833
poem.174643.txt,0.05609,0.00000,0.00000,5.35000,0.00000,0.00000,0.90000
poem.174646.txt,0.02786,0.00000,0.00000,4.50000,0.00000,0.00000,1.35000
poem.174647.txt,0.01363,0.00000,0.00000,0.00000,0.00000,0.00000,2.12667
poem.174648.txt,0.02862,0.00000,0.00000,0.00000,0.00000,0.00158,5.98000
poem.174649.txt,0.02496,0.00000,0.00000,0.00000,0.00000,0.00111,9.04833
poem.174651.txt,0.04204,0.01333,0.00000,0.43333,0.00000,0.00000,6.05889
poem.174654.txt,0.07043,0.00065,0.00000,149.14857,0.00000,0.00053,213.60053
poem.174656.txt,0.02637,0.00000,0.00000,7.81333,0.00000,0.00073,93.20024
poem.174660.txt,0.09532,0.00000,0.00000,6.80024,0.00000,0.00000,12.08833
poem.174671.txt,0.10683,0.00000,0.00000,29.70667,0.00000,0.00042,14.85667
poem.174681.txt,0.05201,0.00583,0.00000,25.41381,2.00000,0.00108,15.49381
poem.174683.txt,0.05950,0.03116,0.00000,0.47273,0.00000,0.00145,37.86628
poem.174684.txt,0.12526,0.01926,0.00000,20.63000,0.00000,0.00000,42.97333
poem.174693.txt,0.06462,0.00000,0.00000,3.23333,0.00000,0.00000,2.46667
poem.174695.txt,0.12618,0.00606,0.00000,9.75333,0.00000,0.00170,38.09000
poem.174696.txt,0.03154,0.00000,0.00000,3.67000,0.00000,0.00000,5.78333
poem.174697.txt,0.12543,0.01458,0.00000,9.77190,0.00000,0.00129,6.93857
poem.174700.txt,0.16377,0.01167,0.00000,13.55333,1.00000,0.00034,12.37333
poem.174701.txt,0.12614,0.00333,0.00000,21.94524,0.00000,0.00027,26.45190
poem.174705.txt,0.15621,0.00000,0.00000,2.03333,0.00000,0.00000,3.75000
poem.174707.txt,0.10281,0.00000,0.00000,2.70333,0.00000,0.00158,4.93667
poem.174708.txt,0.02053,0.03500,0.00000,6.68833,0.00000,0.00000,1.03333
poem.174709.txt,0.10036,0.00000,0.00000,12.82333,0.00000,0.00000,1.90000
poem.174710.txt,0.19543,0.01286,0.00000,7.76667,0.00000,0.00000,5.22048
poem.174734.txt,0.03710,0.00000,0.00000,1.80667,0.00000,0.00099,2.09143
poem.174735.txt,0.15400,0.00000,0.00000,12.20667,0.00000,0.00185,16.56667
poem.174737.txt,0.00302,0.00000,0.00000,0.00000,0.00000,0.00066,1.14740
poem.174738.txt,0.01136,0.07324,0.00000,7.01619,0.00000,0.00044,137.85817
poem.174739.txt,0.00792,0.00000,0.00000,0.00000,0.00000,0.00000,1.04524
poem.174740.txt,0.02806,0.12902,0.00000,7.83500,0.90000,0.00058,266.38737
poem.174741.txt,0.00847,0.10000,0.00000,0.00000,0.00000,0.00000,0.61000
poem.174742.txt,0.07906,0.01875,0.00000,11.46667,0.00000,0.00119,3.14071
poem.174745.txt,0.01955,0.02432,0.00000,1608.83286,22.59000,0.00180,16095.06025
poem.174747.txt,0.02778,0.00000,0.00000,0.00000,0.00000,0.00000,0.81667
poem.174748.txt,0.01948,0.03419,0.00000,70.74667,0.00000,0.00092,351.04920
poem.174749.txt,0.00770,0.06212,0.00000,0.00000,0.00000,0.04286,1.37667
poem.174750.txt,0.14807,0.00417,0.00000,21.03333,0.00000,0.00072,40.90667
poem.174752.txt,0.15925,0.00732,0.00000,68.69333,0.00000,0.00064,120.00143
poem.174754.txt,0.01988,0.00000,0.00000,11.23095,0.00000,0.00000,9.22762
poem.174755.txt,0.02425,0.00636,0.00000,6.04333,0.00000,0.00073,33.35873
poem.174757.txt,0.13327,0.00000,0.00000,70.88762,0.00000,0.00048,63.92603
poem.174758.txt,0.13157,0.00596,0.00000,1492.88143,7.10000,0.00149,6528.10067
poem.174759.txt,0.02235,0.01339,0.00000,23.46778,0.00000,0.00008,35.87333
poem.174760.txt,0.03479,0.03220,0.00000,13.57667,0.00000,0.00042,17.80333
poem.174761.txt,0.01691,0.00000,0.00000,9.78000,0.00000,0.00034,15.28778
poem.174763.txt,0.02673,0.02152,0.00000,1533.06951,25.06667,0.00131,4498.65376
poem.174764.txt,0.01329,0.00000,0.00000,0.00000,0.00000,0.00000,2.07381
poem.174765.txt,0.02500,0.00000,0.00000,0.00000,0.00000,0.00000,1.05000
poem.174770.txt,0.00000,0.00000,0.00000,0.00000,0.00000,0.00000,0.00000
poem.174772.txt,0.01628,0.00000,0.00000,3.33333,0.00000,0.00025,41.28381
poem.174773.txt,0.03974,0.00000,0.00000,0.00000,0.00000,0.00000,2.08016
poem.174774.txt,0.02740,0.00000,0.00000,4.56667,0.00000,0.00000,1.18667
poem.174785.txt,0.02861,0.00400,0.00000,18.82762,0.00000,0.00064,50.20143
poem.174788.txt,0.11357,0.01038,0.00000,12.97167,0.00000,0.00000,19.28111
poem.174790.txt,0.07171,0.00000,0.00000,8.83333,0.00000,0.00000,4.20000
poem.174793.txt,0.06923,0.01429,0.00000,2.19000,0.00000,0.00000,2.39333
poem.174794.txt,0.06618,0.01071,0.00000,3.02333,0.00000,0.00000,3.65000
poem.174796.txt,0.02792,0.01542,0.00000,31.19333,0.00000,0.00255,278.71786
poem.174797.txt,0.10705,0.00000,0.00000,7.95000,0.00000,0.00000,0.00000
poem.174799.txt,0.12607,0.01111,0.00000,4.48333,0.00000,0.00000,7.08889
poem.174801.txt,0.10920,0.00000,0.00000,8.29762,0.00000,0.00000,0.00000
poem.174804.txt,0.07230,0.00819,0.00000,12.32095,0.00000,0.00050,32.87111
poem.174805.txt,0.07937,0.01921,0.00000,169.91632,2.66667,0.00022,292.50986
poem.174811.txt,0.02126,0.00989,0.00000,177.87095,1.00000,0.00109,1918.82357
poem.174816.txt,0.12699,0.00000,0.00000,6.41000,0.00000,0.00000,3.90000
poem.174817.txt,0.09450,0.00500,0.00000,17.67405,0.00000,0.00029,33.57833
poem.174818.txt,0.02970,0.00000,0.00000,2.81667,0.00000,0.00000,0.45000
poem.174819.txt,0.12811,0.01733,0.00000,8.09333,0.00000,0.00074,8.16167
poem.174823.txt,0.07621,0.01094,0.00000,8.88286,0.00000,0.00065,5.20690
poem.174830.txt,0.08127,0.00000,0.00000,2.65667,0.00000,0.00000,1.15000
poem.174831.txt,0.02355,0.00000,0.00000,8.90000,0.00000,0.00151,8.10333
poem.174832.txt,0.06026,0.00000,0.00000,2.09000,0.00000,0.00000,0.61000
poem.174834.txt,0.07073,0.02245,0.00000,5.13333,0.00000,0.00000,0.71429
poem.174842.txt,0.12715,0.00000,0.00000,4.24048,0.00000,0.00000,0.00000
poem.174847.txt,0.08690,0.00000,0.00000,5.39000,0.00000,0.00687,0.23333
poem.174848.txt,0.06239,0.00000,0.00000,1.51000,0.00000,0.00000,4.72333
poem.174849.txt,0.13071,0.00000,0.00000,3.21667,0.00000,0.00000,0.80667
poem.174859.txt,0.12145,0.00000,0.00000,7.04667,0.00000,0.00000,0.00000
poem.174863.txt,0.04991,0.16667,0.00000,2.59000,0.00000,0.00000,0.86333
poem.174906.txt,0.01944,0.00758,0.00000,8.50667,0.00000,0.00000,18.36690
poem.174931.txt,0.00000,0.00000,0.00000,0.00000,0.00000,0.00000,0.00000
poem.174933.txt,0.01966,0.02338,0.00000,0.00000,0.00000,0.00000,2.02667
poem.174934.txt,0.05000,0.00000,0.00000,0.00000,0.00000,0.00000,0.60000
poem.174936.txt,0.03000,0.00000,0.00000,0.00000,0.00000,0.00000,0.36000
poem.174937.txt,0.00952,0.00000,0.00000,0.00000,0.00000,0.00000,0.40000
poem.174938.txt,0.00532,0.02813,0.00000,0.00000,0.00000,0.00000,1.56667
poem.174939.txt,0.02000,0.00000,0.00000,0.00000,0.00000,0.00000,0.20000
poem.174975.txt,0.02786,0.05667,0.00000,2.98333,0.00000,0.00000,2.94333
poem.174987.txt,0.02207,0.01132,0.00000,651.89198,12.05000,0.00034,6921.56999
poem.174988.txt,0.02479,0.00000,0.00000,0.46667,0.00000,0.00000,1.20556
poem.174990.txt,0.01028,0.00000,0.00000,0.81667,0.00000,0.00000,0.31429
poem.174991.txt,0.12222,0.00000,0.00000,0.73333,0.00000,0.00000,0.00000
poem.174992.txt,0.02362,0.01875,0.00000,1.67500,0.00000,0.00000,3.58571
poem.175007.txt,0.02084,0.01014,0.00000,1423.44310,51.61667,0.00139,10681.38167
poem.175008.txt,0.02065,0.00886,0.00000,724.80738,21.98333,0.00044,4351.57575
poem.175013.txt,0.01310,0.00936,0.00000,444.23532,9.98333,0.00106,2710.41746
poem.175016.txt,0.01735,0.01191,0.00000,870.06071,12.00000,0.00183,6334.25730
poem.175018.txt,0.02007,0.01565,0.00000,212.87595,10.38333,0.00051,2336.99216
poem.175019.txt,0.02780,0.00853,0.00000,227.09190,10.63333,0.00039,3015.03444
poem.175020.txt,0.02347,0.01909,0.00000,133.72262,3.40000,0.00050,2145.46802
poem.175021.txt,0.02016,0.01897,0.00000,401.50071,3.75000,0.00097,3963.34151
poem.175044.txt,0.01819,0.00000,0.00000,4.36667,0.00000,0.00000,0.00000
poem.175045.txt,0.06728,0.01057,0.00000,17.01968,0.00000,0.00738,39.15103
poem.175090.txt,0.14428,0.00500,0.00000,20.02333,0.00000,0.00040,18.06762
poem.175094.txt,0.13435,0.00953,0.00000,47.18079,0.00000,0.00031,20.61230
poem.175095.txt,0.02821,0.00000,0.00000,7.50000,0.00000,0.00069,17.56000
poem.175097.txt,0.12325,0.00000,0.00000,54.96000,0.00000,0.01792,21.71667
poem.175100.txt,0.13561,0.00000,0.00000,22.93000,0.00000,0.00015,42.32000
poem.175132.txt,0.05702,0.00000,0.00000,17.00000,0.00000,0.00125,35.99667
poem.175133.txt,0.05310,0.01611,0.00000,10.45667,0.00000,0.00000,14.81667
poem.175138.txt,0.02787,0.00000,0.00000,3.90333,0.00000,0.02000,1.95000
poem.175142.txt,0.02287,0.02476,0.00000,0.86667,0.00000,0.01282,7.08048
poem.175144.txt,0.04251,0.00165,0.00000,21.12214,0.00000,0.00029,99.17276
poem.175145.txt,0.09299,0.00400,0.00000,11.98667,0.00000,0.00048,25.29167
poem.175165.txt,0.09934,0.00972,0.00000,18.69333,0.90000,0.00350,39.70873
poem.175166.txt,0.02296,0.00568,0.00000,7.33333,0.00000,0.00083,20.38714
poem.175172.txt,0.06683,0.00000,0.00000,2.80667,0.00000,0.00000,0.00000
poem.175173.txt,0.07212,0.00000,0.00000,2.70000,0.00000,0.00000,3.05000
poem.175175.txt,0.04865,0.00000,0.00000,0.86857,0.00000,0.00000,1.65381
poem.175178.txt,0.01184,0.04598,0.00000,3.39167,0.00000,0.00000,6.88944
poem.175180.txt,0.08613,0.00432,0.00000,7.37095,0.00000,0.00000,21.18000
poem.175182.txt,0.05362,0.01111,0.00000,5.48333,0.00000,0.00000,0.20000
poem.175187.txt,0.03747,0.00000,0.00000,0.00000,0.00000,0.00000,5.02857
poem.175188.txt,0.00630,0.00000,0.00000,0.00000,0.00000,0.00000,0.69286
poem.175191.txt,0.01821,0.02333,0.00000,0.00000,0.00000,0.00000,1.74000
poem.175192.txt,0.00783,0.02353,0.00000,0.00000,0.00000,0.00000,2.28000
poem.175193.txt,0.01038,0.00000,0.00000,0.00000,0.00000,0.00000,0.42222
poem.175195.txt,0.01486,0.00000,0.00000,0.60000,0.00000,0.00000,4.79714
poem.175197.txt,0.00631,0.05263,0.00000,0.00000,0.00000,0.00000,1.93000
poem.175199.txt,0.00932,0.02381,0.00000,0.00000,0.00000,0.00000,2.58286
poem.175202.txt,0.00748,0.00000,0.00000,0.00000,0.00000,0.00240,1.16667
poem.175207.txt,0.02849,0.03056,0.00000,4.33333,0.00000,0.00000,4.98333
poem.175208.txt,0.08699,0.00000,0.00000,13.37000,0.00000,0.00000,1.82000
poem.175218.txt,0.08318,0.00000,0.00000,3.78333,0.00000,0.00000,1.36667
poem.175223.txt,0.03095,0.00000,0.00000,0.75000,0.00000,0.00000,0.55000
poem.175245.txt,0.10074,0.00000,0.00000,1.82000,0.00000,0.02778,2.13333
poem.175248.txt,0.13002,0.00000,0.00000,8.50000,0.00000,0.00104,4.89333
poem.175249.txt,0.07423,0.01190,0.00000,4.72429,0.00000,0.00000,13.71810
poem.175250.txt,0.03818,0.00000,0.00000,6.71762,0.00000,0.00000,2.56381
poem.175256.txt,0.10301,0.00000,0.00000,8.09333,0.00000,0.00092,6.26214
poem.175257.txt,0.05926,0.00000,0.00000,10.33333,0.00000,0.00000,6.81667
poem.175258.txt,0.01772,0.00000,0.00000,8.51429,1.86667,0.00000,6.09571
poem.175259.txt,0.14126,0.02739,0.00000,9.63333,0.00000,0.00000,11.13833
poem.175261.txt,0.00962,0.00614,0.00000,207.93000,10.76667,0.00052,557.31397
poem.175262.txt,0.03701,0.00000,0.00000,14.13524,0.00000,0.00044,7.29619
poem.175270.txt,0.12041,0.04286,0.00000,9.03333,0.00000,0.00000,0.60000
poem.175272.txt,0.08710,0.02050,0.00000,42.73000,0.00000,0.00094,12.76667
poem.175275.txt,0.17815,0.03571,0.00000,16.72000,0.00000,0.00000,10.42000
poem.175282.txt,0.05397,0.00000,0.00000,1.86667,0.00000,0.00000,0.40000
poem.175283.txt,0.02659,0.16000,0.00000,1.11667,0.00000,0.00000,0.28000
poem.175331.txt,0.01576,0.00167,0.00000,27.90000,0.00000,0.00039,140.62315
poem.175332.txt,0.11386,0.00938,0.00000,15.95167,0.00000,0.00040,9.31167
poem.175336.txt,0.19968,0.00000,0.00000,17.85000,0.00000,0.00000,1.16667
poem.175337.txt,0.16396,0.02167,0.00000,23.82000,0.00000,0.00108,35.21667
poem.175341.txt,0.03848,0.00000,0.00000,2.43333,0.00000,0.00000,0.36000
poem.175343.txt,0.08963,0.00000,0.00000,1.10000,0.00000,0.00000,0.51333
poem.175351.txt,0.01928,0.00000,0.00000,2.10000,0.00000,0.00000,2.30076
poem.175361.txt,0.19571,0.00000,0.00000,1.85333,0.00000,0.00000,1.54000
poem.175363.txt,0.09519,0.00000,0.00000,8.43333,0.00000,0.00000,0.00000
poem.175388.txt,0.00560,0.00000,0.00000,0.00000,0.00000,0.00000,2.83606
poem.175402.txt,0.12324,0.00000,0.00000,10.18333,0.00000,0.00084,28.06333
poem.175403.txt,0.06736,0.02667,0.00000,13.58333,0.00000,0.00070,21.20667
poem.175404.txt,0.01906,0.01944,0.00000,3.38333,0.00000,0.00000,0.75000
poem.175405.txt,0.07076,0.00000,0.00000,8.20905,0.00000,0.00076,14.48524
poem.175413.txt,0.02783,0.00000,0.00000,9.21667,0.00000,0.00000,1.36667
poem.175444.txt,0.02037,0.00686,0.00000,3.21333,0.00000,0.00000,9.44000
poem.175445.txt,0.01154,0.00596,0.00000,2.43333,0.00000,0.00046,12.93333
poem.175446.txt,0.01684,0.02005,0.00000,4.68000,0.00000,0.00051,76.85802
poem.175448.txt,0.02123,0.00000,0.00000,0.00000,0.00000,0.00000,6.86333
poem.175449.txt,0.01754,0.00800,0.00000,0.00000,0.00000,0.00000,5.38286
poem.175451.txt,0.02086,0.00000,0.00000,0.00000,0.00000,0.00000,3.35238
poem.175452.txt,0.00660,0.00802,0.00000,0.36667,0.00000,0.00000,8.72270
poem.175468.txt,0.00970,0.01282,0.00000,0.00000,0.00000,0.00000,1.44667
poem.175469.txt,0.00632,0.00588,0.00000,0.00000,0.00000,0.00000,3.86881
poem.175472.txt,0.01365,0.00000,0.00000,2.43333,0.00000,0.00000,1.28000
poem.175473.txt,0.03230,0.00000,0.00000,4.14667,0.00000,0.01261,3.24000
poem.175476.txt,0.09610,0.00000,0.00000,3.43333,0.00000,0.00000,2.20000
poem.175483.txt,0.02077,0.00000,0.00000,0.97000,0.00000,0.00076,8.03000
poem.175488.txt,0.02037,0.00000,0.00000,2.42238,0.86667,0.00200,33.76905
poem.175502.txt,0.01430,0.00433,0.00000,2.23333,0.00000,0.00039,23.04524
poem.175525.txt,0.00000,0.00000,0.00000,0.00000,0.00000,0.00000,0.00000
poem.175526.txt,0.00000,0.00000,0.00000,0.00000,0.00000,0.00000,0.00000
poem.175528.txt,0.14889,0.00000,0.00000,0.00000,0.00000,0.00000,1.42667
poem.175530.txt,0.01296,0.00000,0.00000,0.00000,0.00000,0.00000,0.15556
poem.175531.txt,0.00973,0.02041,0.00000,0.00000,0.00000,0.00015,21.96000
poem.175533.txt,0.11202,0.09286,0.00000,18.53929,0.00000,0.00000,11.30000
poem.175542.txt,0.03018,0.00000,0.00000,11.19556,0.00000,0.00000,12.46444
poem.175548.txt,0.12104,0.01199,0.00000,59.08333,0.00000,0.00100,146.16685
poem.175549.txt,0.08381,0.00000,0.00000,1.84000,0.00000,0.00000,0.40000
poem.175551.txt,0.19310,0.02593,0.00000,2.45667,0.00000,0.00000,1.57333
poem.175553.txt,0.22460,0.00000,0.00000,4.23333,0.00000,0.00000,0.00000
poem.175554.txt,0.10602,0.00000,0.00000,1.82095,0.00000,0.00000,0.95714
poem.175557.txt,0.16000,0.00000,0.00000,2.24000,0.00000,0.00000,0.00000
poem.175558.txt,0.17500,0.00000,0.00000,2.45000,0.00000,0.00000,0.00000
poem.175566.txt,0.02113,0.01597,0.00000,20.33000,0.00000,0.00093,15.85333
poem.175570.txt,0.04429,0.00000,0.00000,1.86000,0.00000,0.00000,0.00000
poem.175583.txt,0.07845,0.00000,0.00000,16.31190,0.00000,0.00000,3.47929
poem.175584.txt,0.06999,0.00000,0.00000,35.08738,0.00000,0.00022,30.16952
poem.175587.txt,0.00000,0.36667,0.00000,0.00000,0.00000,0.00000,0.36667
poem.175588.txt,0.02820,0.00000,0.00000,0.00000,0.00000,0.00000,6.69571
poem.175591.txt,0.00231,0.00000,0.00000,0.00000,0.00000,0.00000,0.16667
poem.175592.txt,0.03054,0.06667,0.00000,2.80000,0.00000,0.00000,1.97429
poem.175595.txt,0.02464,0.01091,0.00000,0.44000,0.00000,0.01005,10.15206
poem.175601.txt,0.01813,0.00690,0.00000,0.00000,0.00000,0.00053,7.40278
poem.175602.txt,0.01978,0.05305,0.00000,0.15000,0.00000,0.00000,9.32286
poem.175604.txt,0.01599,0.01296,0.00000,7.05500,3.46667,0.00110,40.85229
poem.175605.txt,0.01572,0.10758,0.00000,0.00000,0.00000,0.00000,5.62071
poem.175609.txt,0.01725,0.02057,0.00000,0.00000,0.00000,0.00109,5.87119
poem.175615.txt,0.02179,0.00000,0.00000,0.00000,0.00000,0.00000,1.19667
poem.175617.txt,0.00000,0.07692,0.00000,0.00000,0.00000,0.00000,0.00000
poem.175619.txt,0.01680,0.00000,0.00000,2.13000,0.00000,0.00000,19.23582
poem.175641.txt,0.01205,0.00000,0.00000,3.44000,0.00000,0.00052,30.65408
poem.175642.txt,0.01768,0.02174,0.00000,0.00000,0.00000,0.00739,18.93024
poem.175644.txt,0.02965,0.00000,0.00000,0.00000,0.00000,0.00106,15.65341
poem.175645.txt,0.01233,0.00085,0.00000,53.59476,0.00000,0.00220,326.73257
poem.175647.txt,0.01286,0.00923,0.00000,1.55500,2.70000,0.00043,5.78833
poem.175657.txt,0.04279,0.00000,0.00000,7.55000,0.00000,0.00000,1.76667
poem.175666.txt,0.00000,0.04375,0.00000,0.00000,0.00000,0.00000,0.35000
poem.175669.txt,0.01467,0.00000,0.00000,0.00000,0.00000,0.00286,3.46000
poem.175676.txt,0.02555,0.00918,0.00000,2.01000,0.00000,0.00037,59.14823
poem.175677.txt,0.00756,0.01630,0.00000,0.00000,0.00000,0.00000,3.86976
poem.175679.txt,0.01967,0.02655,0.00000,3.90000,0.00000,0.00085,122.31659
poem.175682.txt,0.03250,0.00000,0.00000,0.00000,0.00000,0.00792,34.69738
poem.175684.txt,0.21571,0.04111,0.00000,2.48333,0.00000,0.00000,1.93889
poem.175685.txt,0.21269,0.01607,0.00000,4.05000,0.00000,0.00000,5.10500
poem.175687.txt,0.10752,0.00571,0.00000,6.46000,0.00000,0.00000,10.80143
poem.175689.txt,0.03918,0.01327,0.00000,1.50833,0.00000,0.00142,37.56000
poem.175690.txt,0.02393,0.02386,0.00000,0.00000,0.90000,0.00025,27.38180
poem.175692.txt,0.01004,0.00000,0.00000,0.40000,0.00000,0.00042,9.26381
poem.175693.txt,0.02371,0.00000,0.00000,1.95000,0.00000,0.00233,2.39944
poem.175695.txt,0.05795,0.01296,0.00000,0.00000,0.00000,0.00000,15.54111
poem.175697.txt,0.01283,0.00000,0.00000,0.60000,0.00000,0.00217,6.80333
poem.175699.txt,0.16399,0.02000,0.00000,5.94476,0.00000,0.00125,2.98286
poem.175700.txt,0.01473,0.00000,0.00000,0.00000,0.00000,0.00030,12.98738
poem.175701.txt,0.01276,0.01894,0.00000,1.90889,0.00000,0.00000,25.11413
poem.175702.txt,0.01280,0.00943,0.00000,1.43000,0.00000,0.00079,20.60143
poem.175704.txt,0.00924,0.01389,0.00000,0.00000,0.00000,0.00000,4.00857
poem.175705.txt,0.01589,0.07833,0.00000,1.21667,0.00000,0.00000,3.71905
poem.175706.txt,0.01876,0.00000,0.00000,0.23333,0.00000,0.00000,5.37619
poem.175708.txt,0.03688,0.01240,0.00000,3.11857,0.00000,0.00046,21.73405
poem.175718.txt,0.01716,0.00000,0.00000,0.70000,0.00000,0.00000,2.90424
poem.175733.txt,0.01304,0.00000,0.00000,0.00000,0.00000,0.00000,2.03405
poem.175735.txt,0.01643,0.01778,0.00000,0.00000,0.00000,0.00000,1.27667
poem.175736.txt,0.01426,0.00000,0.00000,0.00000,0.00000,0.00000,1.28333
poem.175741.txt,0.08045,0.00000,0.00000,3.25000,0.00000,0.00000,1.00000
poem.175743.txt,0.01224,0.00000,0.00000,0.00000,0.00000,0.00148,4.59444
